id,firstname,lastname,email,email2,profession
100,Danika,Germann,Danika.Germann@yopmail.com,Danika.Germann@gmail.com,firefighter
101,Maurene,Fiann,Maurene.Fiann@yopmail.com,Maurene.Fiann@gmail.com,developer
102,Riannon,Middleton,Riannon.Middleton@yopmail.com,Riannon.Middleton@gmail.com,police officer
103,Aaren,Fulmer,Aaren.Fulmer@yopmail.com,Aaren.Fulmer@gmail.com,police officer
104,Blake,Girardo,Blake.Girardo@yopmail.com,Blake.Girardo@gmail.com,firefighter
105,Mariele,Vastah,Mariele.Vastah@yopmail.com,Mariele.Vastah@gmail.com,doctor
106,Merle,An,Merle.An@yopmail.com,Merle.An@gmail.com,doctor
107,Maridel,Lalitta,Maridel.Lalitta@yopmail.com,Maridel.Lalitta@gmail.com,developer
108,Stevana,Tiffa,Stevana.Tiffa@yopmail.com,Stevana.Tiffa@gmail.com,doctor
109,Lesly,Joseph,Lesly.Joseph@yopmail.com,Lesly.Joseph@gmail.com,police officer
110,Ericka,Rodmann,Ericka.Rodmann@yopmail.com,Ericka.Rodmann@gmail.com,police officer
111,Jaime,Kauppi,Jaime.Kauppi@yopmail.com,Jaime.Kauppi@gmail.com,doctor
112,Daune,Rheingold,Daune.Rheingold@yopmail.com,Daune.Rheingold@gmail.com,worker
113,Ottilie,Carri,Ottilie.Carri@yopmail.com,Ottilie.Carri@gmail.com,firefighter
114,Celene,Audly,Celene.Audly@yopmail.com,Celene.Audly@gmail.com,developer
115,Kellen,Emanuel,Kellen.Emanuel@yopmail.com,Kellen.Emanuel@gmail.com,doctor
116,Nikki,Minetta,Nikki.Minetta@yopmail.com,Nikki.Minetta@gmail.com,police officer
117,Gwenneth,Cynar,Gwenneth.Cynar@yopmail.com,Gwenneth.Cynar@gmail.com,firefighter
118,Viki,Waldron,Viki.Waldron@yopmail.com,Viki.Waldron@gmail.com,police officer
119,Berta,Berard,Berta.Berard@yopmail.com,Berta.Berard@gmail.com,doctor
120,Jacenta,Redmond,Jacenta.Redmond@yopmail.com,Jacenta.Redmond@gmail.com,developer
121,Gratia,Loring,Gratia.Loring@yopmail.com,Gratia.Loring@gmail.com,worker
122,Jessy,Raama,Jessy.Raama@yopmail.com,Jessy.Raama@gmail.com,worker
123,Rubie,Callista,Rubie.Callista@yopmail.com,Rubie.Callista@gmail.com,doctor
124,Sabina,Wind,Sabina.Wind@yopmail.com,Sabina.Wind@gmail.com,doctor
125,Viviene,Justinn,Viviene.Justinn@yopmail.com,Viviene.Justinn@gmail.com,doctor
126,Madeleine,Standing,Madeleine.Standing@yopmail.com,Madeleine.Standing@gmail.com,developer
127,Zia,Bari,Zia.Bari@yopmail.com,Zia.Bari@gmail.com,worker
128,Georgetta,MacIntosh,Georgetta.MacIntosh@yopmail.com,Georgetta.MacIntosh@gmail.com,doctor
129,Emilia,Nore,Emilia.Nore@yopmail.com,Emilia.Nore@gmail.com,firefighter
130,Claudina,Standing,Claudina.Standing@yopmail.com,Claudina.Standing@gmail.com,doctor
131,Ida,Ackerley,Ida.Ackerley@yopmail.com,Ida.Ackerley@gmail.com,doctor
132,Deloria,Gerge,Deloria.Gerge@yopmail.com,Deloria.Gerge@gmail.com,doctor
133,Lucy,Israeli,Lucy.Israeli@yopmail.com,Lucy.Israeli@gmail.com,worker
134,Almeta,Goode,Almeta.Goode@yopmail.com,Almeta.Goode@gmail.com,worker
135,Teriann,Millda,Teriann.Millda@yopmail.com,Teriann.Millda@gmail.com,police officer
136,Kirbee,Screens,Kirbee.Screens@yopmail.com,Kirbee.Screens@gmail.com,doctor
137,Barbara,Saint,Barbara.Saint@yopmail.com,Barbara.Saint@gmail.com,developer
138,Mary,Haymes,Mary.Haymes@yopmail.com,Mary.Haymes@gmail.com,worker
139,Ana,Zachary,Ana.Zachary@yopmail.com,Ana.Zachary@gmail.com,developer
140,Sarette,Bivins,Sarette.Bivins@yopmail.com,Sarette.Bivins@gmail.com,police officer
141,Vanessa,Tengdin,Vanessa.Tengdin@yopmail.com,Vanessa.Tengdin@gmail.com,firefighter
142,Aubrie,Fink,Aubrie.Fink@yopmail.com,Aubrie.Fink@gmail.com,worker
143,Aurore,Smitt,Aurore.Smitt@yopmail.com,Aurore.Smitt@gmail.com,developer
144,Priscilla,Koziara,Priscilla.Koziara@yopmail.com,Priscilla.Koziara@gmail.com,firefighter
145,Shirlee,Goode,Shirlee.Goode@yopmail.com,Shirlee.Goode@gmail.com,doctor
146,Blinni,Drus,Blinni.Drus@yopmail.com,Blinni.Drus@gmail.com,doctor
147,Emylee,Ball,Emylee.Ball@yopmail.com,Emylee.Ball@gmail.com,doctor
148,Glynnis,Dichy,Glynnis.Dichy@yopmail.com,Glynnis.Dichy@gmail.com,doctor
149,Annice,Blisse,Annice.Blisse@yopmail.com,Annice.Blisse@gmail.com,firefighter
150,Darlleen,Woodberry,Darlleen.Woodberry@yopmail.com,Darlleen.Woodberry@gmail.com,developer
151,Viki,Leifeste,Viki.Leifeste@yopmail.com,Viki.Leifeste@gmail.com,developer
152,Basia,Bakerman,Basia.Bakerman@yopmail.com,Basia.Bakerman@gmail.com,developer
153,Malina,Gabrielli,Malina.Gabrielli@yopmail.com,Malina.Gabrielli@gmail.com,developer
154,Albertina,Yusuk,Albertina.Yusuk@yopmail.com,Albertina.Yusuk@gmail.com,doctor
155,Lanae,Magdalen,Lanae.Magdalen@yopmail.com,Lanae.Magdalen@gmail.com,police officer
156,Lisette,Poll,Lisette.Poll@yopmail.com,Lisette.Poll@gmail.com,police officer
157,Charmaine,Seligman,Charmaine.Seligman@yopmail.com,Charmaine.Seligman@gmail.com,developer
158,Danny,Kazimir,Danny.Kazimir@yopmail.com,Danny.Kazimir@gmail.com,worker
159,Courtnay,Wooster,Courtnay.Wooster@yopmail.com,Courtnay.Wooster@gmail.com,developer
160,Lacie,Delp,Lacie.Delp@yopmail.com,Lacie.Delp@gmail.com,firefighter
161,Sibella,Gaal,Sibella.Gaal@yopmail.com,Sibella.Gaal@gmail.com,firefighter
162,Agathe,Campball,Agathe.Campball@yopmail.com,Agathe.Campball@gmail.com,worker
163,Minne,Girardo,Minne.Girardo@yopmail.com,Minne.Girardo@gmail.com,developer
164,Joeann,Marcellus,Joeann.Marcellus@yopmail.com,Joeann.Marcellus@gmail.com,developer
165,Helena,Elo,Helena.Elo@yopmail.com,Helena.Elo@gmail.com,worker
166,Emma,Remmer,Emma.Remmer@yopmail.com,Emma.Remmer@gmail.com,police officer
167,Ellette,Sholley,Ellette.Sholley@yopmail.com,Ellette.Sholley@gmail.com,police officer
168,Evita,Saree,Evita.Saree@yopmail.com,Evita.Saree@gmail.com,doctor
169,Maurene,Bearnard,Maurene.Bearnard@yopmail.com,Maurene.Bearnard@gmail.com,firefighter
170,Bobinette,Brandice,Bobinette.Brandice@yopmail.com,Bobinette.Brandice@gmail.com,worker
171,Sandie,Urias,Sandie.Urias@yopmail.com,Sandie.Urias@gmail.com,doctor
172,Corry,Burch,Corry.Burch@yopmail.com,Corry.Burch@gmail.com,doctor
173,Lorie,Felizio,Lorie.Felizio@yopmail.com,Lorie.Felizio@gmail.com,developer
174,Winifred,Aprile,Winifred.Aprile@yopmail.com,Winifred.Aprile@gmail.com,doctor
175,Juliane,Ivens,Juliane.Ivens@yopmail.com,Juliane.Ivens@gmail.com,doctor
176,Giustina,Llovera,Giustina.Llovera@yopmail.com,Giustina.Llovera@gmail.com,police officer
177,Rhea,Leffen,Rhea.Leffen@yopmail.com,Rhea.Leffen@gmail.com,doctor
178,Jerry,Goddard,Jerry.Goddard@yopmail.com,Jerry.Goddard@gmail.com,worker
179,Leanna,Wilkinson,Leanna.Wilkinson@yopmail.com,Leanna.Wilkinson@gmail.com,firefighter
180,Nita,Schalles,Nita.Schalles@yopmail.com,Nita.Schalles@gmail.com,firefighter
181,Adele,Tillford,Adele.Tillford@yopmail.com,Adele.Tillford@gmail.com,worker
182,Jorry,Clara,Jorry.Clara@yopmail.com,Jorry.Clara@gmail.com,developer
183,Rochette,Pacorro,Rochette.Pacorro@yopmail.com,Rochette.Pacorro@gmail.com,firefighter
184,Frieda,Dichy,Frieda.Dichy@yopmail.com,Frieda.Dichy@gmail.com,doctor
185,Belva,Narton,Belva.Narton@yopmail.com,Belva.Narton@gmail.com,firefighter
186,Thalia,Thornburg,Thalia.Thornburg@yopmail.com,Thalia.Thornburg@gmail.com,worker
187,Jemie,Ioab,Jemie.Ioab@yopmail.com,Jemie.Ioab@gmail.com,worker
188,Jany,Ivens,Jany.Ivens@yopmail.com,Jany.Ivens@gmail.com,developer
189,Elie,Warthman,Elie.Warthman@yopmail.com,Elie.Warthman@gmail.com,worker
190,Hannis,Bonilla,Hannis.Bonilla@yopmail.com,Hannis.Bonilla@gmail.com,firefighter
191,Jessy,Casimir,Jessy.Casimir@yopmail.com,Jessy.Casimir@gmail.com,developer
192,Augustine,Bryna,Augustine.Bryna@yopmail.com,Augustine.Bryna@gmail.com,developer
193,Perry,Erminia,Perry.Erminia@yopmail.com,Perry.Erminia@gmail.com,firefighter
194,Edyth,Riva,Edyth.Riva@yopmail.com,Edyth.Riva@gmail.com,developer
195,Teriann,Lucienne,Teriann.Lucienne@yopmail.com,Teriann.Lucienne@gmail.com,doctor
196,Candi,Ball,Candi.Ball@yopmail.com,Candi.Ball@gmail.com,firefighter
197,Julieta,Mitzi,Julieta.Mitzi@yopmail.com,Julieta.Mitzi@gmail.com,doctor
198,Kamilah,Melony,Kamilah.Melony@yopmail.com,Kamilah.Melony@gmail.com,developer
199,Gretal,Sallyann,Gretal.Sallyann@yopmail.com,Gretal.Sallyann@gmail.com,police officer
200,Valeda,Anis,Valeda.Anis@yopmail.com,Valeda.Anis@gmail.com,firefighter
201,Gusty,Dituri,Gusty.Dituri@yopmail.com,Gusty.Dituri@gmail.com,developer
202,Anica,Ezar,Anica.Ezar@yopmail.com,Anica.Ezar@gmail.com,worker
203,Violet,Oriana,Violet.Oriana@yopmail.com,Violet.Oriana@gmail.com,worker
204,Monika,Havens,Monika.Havens@yopmail.com,Monika.Havens@gmail.com,firefighter
205,Melisent,Thar,Melisent.Thar@yopmail.com,Melisent.Thar@gmail.com,worker
206,Minda,Virgin,Minda.Virgin@yopmail.com,Minda.Virgin@gmail.com,police officer
207,Mamie,Fink,Mamie.Fink@yopmail.com,Mamie.Fink@gmail.com,worker
208,Petronia,Letsou,Petronia.Letsou@yopmail.com,Petronia.Letsou@gmail.com,firefighter
209,Asia,Bryna,Asia.Bryna@yopmail.com,Asia.Bryna@gmail.com,firefighter
210,Anestassia,Wattenberg,Anestassia.Wattenberg@yopmail.com,Anestassia.Wattenberg@gmail.com,police officer
211,Rosanne,Adalbert,Rosanne.Adalbert@yopmail.com,Rosanne.Adalbert@gmail.com,firefighter
212,Frieda,Freddi,Frieda.Freddi@yopmail.com,Frieda.Freddi@gmail.com,worker
213,Bertine,Cherianne,Bertine.Cherianne@yopmail.com,Bertine.Cherianne@gmail.com,developer
214,Kaia,Ortrude,Kaia.Ortrude@yopmail.com,Kaia.Ortrude@gmail.com,worker
215,Daphne,Publia,Daphne.Publia@yopmail.com,Daphne.Publia@gmail.com,doctor
216,Elise,Ogren,Elise.Ogren@yopmail.com,Elise.Ogren@gmail.com,developer
217,Doralynne,Hurley,Doralynne.Hurley@yopmail.com,Doralynne.Hurley@gmail.com,firefighter
218,Carol-Jean,Blisse,Carol-Jean.Blisse@yopmail.com,Carol-Jean.Blisse@gmail.com,doctor
219,Margalo,Elisha,Margalo.Elisha@yopmail.com,Margalo.Elisha@gmail.com,developer
220,Steffane,Dominy,Steffane.Dominy@yopmail.com,Steffane.Dominy@gmail.com,firefighter
221,Nariko,Wadell,Nariko.Wadell@yopmail.com,Nariko.Wadell@gmail.com,police officer
222,Gratia,Graig,Gratia.Graig@yopmail.com,Gratia.Graig@gmail.com,doctor
223,Larine,Muriel,Larine.Muriel@yopmail.com,Larine.Muriel@gmail.com,police officer
224,Sallie,Mich,Sallie.Mich@yopmail.com,Sallie.Mich@gmail.com,firefighter
225,Hayley,Serilda,Hayley.Serilda@yopmail.com,Hayley.Serilda@gmail.com,firefighter
226,Althea,Llovera,Althea.Llovera@yopmail.com,Althea.Llovera@gmail.com,doctor
227,Gwyneth,Destinee,Gwyneth.Destinee@yopmail.com,Gwyneth.Destinee@gmail.com,police officer
228,Feliza,Urania,Feliza.Urania@yopmail.com,Feliza.Urania@gmail.com,developer
229,Fernande,Clarissa,Fernande.Clarissa@yopmail.com,Fernande.Clarissa@gmail.com,worker
230,Shandie,Rubie,Shandie.Rubie@yopmail.com,Shandie.Rubie@gmail.com,police officer
231,Jaime,Hieronymus,Jaime.Hieronymus@yopmail.com,Jaime.Hieronymus@gmail.com,doctor
232,Tabbatha,Madelene,Tabbatha.Madelene@yopmail.com,Tabbatha.Madelene@gmail.com,firefighter
233,Camile,Georgy,Camile.Georgy@yopmail.com,Camile.Georgy@gmail.com,police officer
234,Mara,Lauraine,Mara.Lauraine@yopmail.com,Mara.Lauraine@gmail.com,police officer
235,Corly,Janith,Corly.Janith@yopmail.com,Corly.Janith@gmail.com,developer
236,Dennie,Neva,Dennie.Neva@yopmail.com,Dennie.Neva@gmail.com,developer
237,Netty,Greyson,Netty.Greyson@yopmail.com,Netty.Greyson@gmail.com,police officer
238,Bernie,Dunkin,Bernie.Dunkin@yopmail.com,Bernie.Dunkin@gmail.com,doctor
239,Fernande,Atonsah,Fernande.Atonsah@yopmail.com,Fernande.Atonsah@gmail.com,worker
240,Carmencita,Jenness,Carmencita.Jenness@yopmail.com,Carmencita.Jenness@gmail.com,firefighter
241,Abbie,Anestassia,Abbie.Anestassia@yopmail.com,Abbie.Anestassia@gmail.com,police officer
242,Mahalia,Kauppi,Mahalia.Kauppi@yopmail.com,Mahalia.Kauppi@gmail.com,firefighter
243,Mady,Erminia,Mady.Erminia@yopmail.com,Mady.Erminia@gmail.com,worker
244,Corina,Neils,Corina.Neils@yopmail.com,Corina.Neils@gmail.com,developer
245,Annabela,Karna,Annabela.Karna@yopmail.com,Annabela.Karna@gmail.com,firefighter
246,Alyssa,Podvin,Alyssa.Podvin@yopmail.com,Alyssa.Podvin@gmail.com,firefighter
247,Bernie,Ogren,Bernie.Ogren@yopmail.com,Bernie.Ogren@gmail.com,doctor
248,Tami,Tayib,Tami.Tayib@yopmail.com,Tami.Tayib@gmail.com,police officer
249,Trudie,Melleta,Trudie.Melleta@yopmail.com,Trudie.Melleta@gmail.com,worker
250,Johna,Lemuela,Johna.Lemuela@yopmail.com,Johna.Lemuela@gmail.com,developer
251,Belinda,Gale,Belinda.Gale@yopmail.com,Belinda.Gale@gmail.com,doctor
252,Fernande,Terrence,Fernande.Terrence@yopmail.com,Fernande.Terrence@gmail.com,worker
253,Iseabal,Bivins,Iseabal.Bivins@yopmail.com,Iseabal.Bivins@gmail.com,doctor
254,Desirae,Kelula,Desirae.Kelula@yopmail.com,Desirae.Kelula@gmail.com,worker
255,Jacenta,Kunin,Jacenta.Kunin@yopmail.com,Jacenta.Kunin@gmail.com,doctor
256,Kylynn,Diann,Kylynn.Diann@yopmail.com,Kylynn.Diann@gmail.com,police officer
257,Anestassia,Chrystel,Anestassia.Chrystel@yopmail.com,Anestassia.Chrystel@gmail.com,doctor
258,Merry,Ellord,Merry.Ellord@yopmail.com,Merry.Ellord@gmail.com,worker
259,Ottilie,Kress,Ottilie.Kress@yopmail.com,Ottilie.Kress@gmail.com,worker
260,Helsa,Azeria,Helsa.Azeria@yopmail.com,Helsa.Azeria@gmail.com,firefighter
261,Meg,Dahlia,Meg.Dahlia@yopmail.com,Meg.Dahlia@gmail.com,firefighter
262,Leona,Narton,Leona.Narton@yopmail.com,Leona.Narton@gmail.com,police officer
263,Karlee,Bollay,Karlee.Bollay@yopmail.com,Karlee.Bollay@gmail.com,doctor
264,Beatriz,Macey,Beatriz.Macey@yopmail.com,Beatriz.Macey@gmail.com,developer
265,Cherrita,Nahum,Cherrita.Nahum@yopmail.com,Cherrita.Nahum@gmail.com,police officer
266,Adriana,Stelle,Adriana.Stelle@yopmail.com,Adriana.Stelle@gmail.com,doctor
267,Courtnay,Travax,Courtnay.Travax@yopmail.com,Courtnay.Travax@gmail.com,firefighter
268,Hallie,Orelee,Hallie.Orelee@yopmail.com,Hallie.Orelee@gmail.com,police officer
269,Danika,Gaal,Danika.Gaal@yopmail.com,Danika.Gaal@gmail.com,police officer
270,Aurore,Braun,Aurore.Braun@yopmail.com,Aurore.Braun@gmail.com,worker
271,Melodie,Blake,Melodie.Blake@yopmail.com,Melodie.Blake@gmail.com,developer
272,Bibby,Sancho,Bibby.Sancho@yopmail.com,Bibby.Sancho@gmail.com,developer
273,Jolyn,Chaing,Jolyn.Chaing@yopmail.com,Jolyn.Chaing@gmail.com,firefighter
274,Ellette,Bronk,Ellette.Bronk@yopmail.com,Ellette.Bronk@gmail.com,doctor
275,Ileana,Stav,Ileana.Stav@yopmail.com,Ileana.Stav@gmail.com,firefighter
276,Arlina,Reneta,Arlina.Reneta@yopmail.com,Arlina.Reneta@gmail.com,police officer
277,Ebonee,Baptlsta,Ebonee.Baptlsta@yopmail.com,Ebonee.Baptlsta@gmail.com,worker
278,Phylis,Thomasina,Phylis.Thomasina@yopmail.com,Phylis.Thomasina@gmail.com,doctor
279,Dode,Bobbee,Dode.Bobbee@yopmail.com,Dode.Bobbee@gmail.com,developer
280,Cyb,Janith,Cyb.Janith@yopmail.com,Cyb.Janith@gmail.com,doctor
281,Ileana,Grayce,Ileana.Grayce@yopmail.com,Ileana.Grayce@gmail.com,worker
282,Ivett,Ellord,Ivett.Ellord@yopmail.com,Ivett.Ellord@gmail.com,developer
283,Rosanne,Sherfield,Rosanne.Sherfield@yopmail.com,Rosanne.Sherfield@gmail.com,developer
284,Charissa,Flyn,Charissa.Flyn@yopmail.com,Charissa.Flyn@gmail.com,worker
285,Carlie,Saint,Carlie.Saint@yopmail.com,Carlie.Saint@gmail.com,doctor
286,Meg,Vary,Meg.Vary@yopmail.com,Meg.Vary@gmail.com,firefighter
287,Kore,My,Kore.My@yopmail.com,Kore.My@gmail.com,developer
288,Pearline,Poppy,Pearline.Poppy@yopmail.com,Pearline.Poppy@gmail.com,police officer
289,Vivia,Diogenes,Vivia.Diogenes@yopmail.com,Vivia.Diogenes@gmail.com,developer
290,Evaleen,Cohdwell,Evaleen.Cohdwell@yopmail.com,Evaleen.Cohdwell@gmail.com,doctor
291,Nyssa,Land,Nyssa.Land@yopmail.com,Nyssa.Land@gmail.com,doctor
292,Renae,Magdalen,Renae.Magdalen@yopmail.com,Renae.Magdalen@gmail.com,doctor
293,Shandie,Colyer,Shandie.Colyer@yopmail.com,Shandie.Colyer@gmail.com,police officer
294,Farrah,Vittoria,Farrah.Vittoria@yopmail.com,Farrah.Vittoria@gmail.com,worker
295,Phylis,Gaspard,Phylis.Gaspard@yopmail.com,Phylis.Gaspard@gmail.com,developer
296,Cissiee,Madox,Cissiee.Madox@yopmail.com,Cissiee.Madox@gmail.com,police officer
297,Lucy,Emerson,Lucy.Emerson@yopmail.com,Lucy.Emerson@gmail.com,worker
298,Karena,Corilla,Karena.Corilla@yopmail.com,Karena.Corilla@gmail.com,developer
299,Lucille,Corabella,Lucille.Corabella@yopmail.com,Lucille.Corabella@gmail.com,developer
300,Carmela,Tyson,Carmela.Tyson@yopmail.com,Carmela.Tyson@gmail.com,developer
301,Dulce,Hunfredo,Dulce.Hunfredo@yopmail.com,Dulce.Hunfredo@gmail.com,police officer
302,Jessamyn,Jillane,Jessamyn.Jillane@yopmail.com,Jessamyn.Jillane@gmail.com,doctor
303,Arlina,Kazimir,Arlina.Kazimir@yopmail.com,Arlina.Kazimir@gmail.com,worker
304,Tierney,Leler,Tierney.Leler@yopmail.com,Tierney.Leler@gmail.com,worker
305,Meghann,Tengdin,Meghann.Tengdin@yopmail.com,Meghann.Tengdin@gmail.com,police officer
306,Elora,Tarrant,Elora.Tarrant@yopmail.com,Elora.Tarrant@gmail.com,worker
307,Valera,Malvino,Valera.Malvino@yopmail.com,Valera.Malvino@gmail.com,doctor
308,Marita,Decato,Marita.Decato@yopmail.com,Marita.Decato@gmail.com,worker
309,Nataline,Magdalen,Nataline.Magdalen@yopmail.com,Nataline.Magdalen@gmail.com,developer
310,Merle,Erskine,Merle.Erskine@yopmail.com,Merle.Erskine@gmail.com,firefighter
311,Hallie,Pond,Hallie.Pond@yopmail.com,Hallie.Pond@gmail.com,firefighter
312,Sam,Roche,Sam.Roche@yopmail.com,Sam.Roche@gmail.com,firefighter
313,Dorene,Chandler,Dorene.Chandler@yopmail.com,Dorene.Chandler@gmail.com,firefighter
314,Christian,Kelula,Christian.Kelula@yopmail.com,Christian.Kelula@gmail.com,developer
315,Sharlene,Aprile,Sharlene.Aprile@yopmail.com,Sharlene.Aprile@gmail.com,developer
316,Blondelle,Sophronia,Blondelle.Sophronia@yopmail.com,Blondelle.Sophronia@gmail.com,doctor
317,Lorenza,Lauraine,Lorenza.Lauraine@yopmail.com,Lorenza.Lauraine@gmail.com,developer
318,Carol-Jean,Kellby,Carol-Jean.Kellby@yopmail.com,Carol-Jean.Kellby@gmail.com,worker
319,Harrietta,Charmine,Harrietta.Charmine@yopmail.com,Harrietta.Charmine@gmail.com,police officer
320,Rochette,Sadowski,Rochette.Sadowski@yopmail.com,Rochette.Sadowski@gmail.com,worker
321,Tabbatha,Lanita,Tabbatha.Lanita@yopmail.com,Tabbatha.Lanita@gmail.com,developer
322,Danny,Lia,Danny.Lia@yopmail.com,Danny.Lia@gmail.com,developer
323,Collen,Sheng,Collen.Sheng@yopmail.com,Collen.Sheng@gmail.com,police officer
324,Deirdre,Kevon,Deirdre.Kevon@yopmail.com,Deirdre.Kevon@gmail.com,worker
325,Kellen,Valoniah,Kellen.Valoniah@yopmail.com,Kellen.Valoniah@gmail.com,developer
326,Kayla,Kauppi,Kayla.Kauppi@yopmail.com,Kayla.Kauppi@gmail.com,developer
327,Brooks,Voletta,Brooks.Voletta@yopmail.com,Brooks.Voletta@gmail.com,developer
328,Jinny,Hilbert,Jinny.Hilbert@yopmail.com,Jinny.Hilbert@gmail.com,developer
329,Gerrie,Rillings,Gerrie.Rillings@yopmail.com,Gerrie.Rillings@gmail.com,worker
330,Vevay,Zola,Vevay.Zola@yopmail.com,Vevay.Zola@gmail.com,police officer
331,Teriann,Cordi,Teriann.Cordi@yopmail.com,Teriann.Cordi@gmail.com,doctor
332,Frieda,Iiette,Frieda.Iiette@yopmail.com,Frieda.Iiette@gmail.com,police officer
333,Frank,Mauer,Frank.Mauer@yopmail.com,Frank.Mauer@gmail.com,developer
334,Jean,Jobi,Jean.Jobi@yopmail.com,Jean.Jobi@gmail.com,doctor
335,Elsie,Weinreb,Elsie.Weinreb@yopmail.com,Elsie.Weinreb@gmail.com,firefighter
336,Adriana,Burnside,Adriana.Burnside@yopmail.com,Adriana.Burnside@gmail.com,doctor
337,Courtnay,Bohlin,Courtnay.Bohlin@yopmail.com,Courtnay.Bohlin@gmail.com,worker
338,Philis,Kunin,Philis.Kunin@yopmail.com,Philis.Kunin@gmail.com,police officer
339,Selma,Bigner,Selma.Bigner@yopmail.com,Selma.Bigner@gmail.com,police officer
340,Gertrud,Beebe,Gertrud.Beebe@yopmail.com,Gertrud.Beebe@gmail.com,developer
341,Bertine,Caitlin,Bertine.Caitlin@yopmail.com,Bertine.Caitlin@gmail.com,worker
342,Raquela,Jacqui,Raquela.Jacqui@yopmail.com,Raquela.Jacqui@gmail.com,firefighter
343,Sharai,Diogenes,Sharai.Diogenes@yopmail.com,Sharai.Diogenes@gmail.com,firefighter
344,Julieta,Halsey,Julieta.Halsey@yopmail.com,Julieta.Halsey@gmail.com,firefighter
345,Dode,Schlosser,Dode.Schlosser@yopmail.com,Dode.Schlosser@gmail.com,worker
346,Amii,Prouty,Amii.Prouty@yopmail.com,Amii.Prouty@gmail.com,firefighter
347,Marinna,Seumas,Marinna.Seumas@yopmail.com,Marinna.Seumas@gmail.com,worker
348,Candy,Morehouse,Candy.Morehouse@yopmail.com,Candy.Morehouse@gmail.com,developer
349,Shell,Baudin,Shell.Baudin@yopmail.com,Shell.Baudin@gmail.com,firefighter
350,Kristan,Adlare,Kristan.Adlare@yopmail.com,Kristan.Adlare@gmail.com,worker
351,Shandie,Yam,Shandie.Yam@yopmail.com,Shandie.Yam@gmail.com,police officer
352,Brynna,Kare,Brynna.Kare@yopmail.com,Brynna.Kare@gmail.com,police officer
353,Edith,Linehan,Edith.Linehan@yopmail.com,Edith.Linehan@gmail.com,doctor
354,Kimberley,Heisel,Kimberley.Heisel@yopmail.com,Kimberley.Heisel@gmail.com,worker
355,Gabriellia,Merriott,Gabriellia.Merriott@yopmail.com,Gabriellia.Merriott@gmail.com,firefighter
356,Robbi,Gilmour,Robbi.Gilmour@yopmail.com,Robbi.Gilmour@gmail.com,worker
357,Arlina,Glovsky,Arlina.Glovsky@yopmail.com,Arlina.Glovsky@gmail.com,developer
358,Wanda,Chinua,Wanda.Chinua@yopmail.com,Wanda.Chinua@gmail.com,police officer
359,Ekaterina,Selway,Ekaterina.Selway@yopmail.com,Ekaterina.Selway@gmail.com,firefighter
360,Beatriz,Vorster,Beatriz.Vorster@yopmail.com,Beatriz.Vorster@gmail.com,doctor
361,Lexine,Zenas,Lexine.Zenas@yopmail.com,Lexine.Zenas@gmail.com,doctor
362,Marika,Mendez,Marika.Mendez@yopmail.com,Marika.Mendez@gmail.com,doctor
363,Lindie,Ummersen,Lindie.Ummersen@yopmail.com,Lindie.Ummersen@gmail.com,firefighter
364,Asia,Gladstone,Asia.Gladstone@yopmail.com,Asia.Gladstone@gmail.com,worker
365,Priscilla,Bach,Priscilla.Bach@yopmail.com,Priscilla.Bach@gmail.com,worker
366,Marnia,Berriman,Marnia.Berriman@yopmail.com,Marnia.Berriman@gmail.com,doctor
367,Phylis,Lamoree,Phylis.Lamoree@yopmail.com,Phylis.Lamoree@gmail.com,developer
368,Heddie,Buffum,Heddie.Buffum@yopmail.com,Heddie.Buffum@gmail.com,doctor
369,Deane,Roche,Deane.Roche@yopmail.com,Deane.Roche@gmail.com,developer
370,Dawn,Loring,Dawn.Loring@yopmail.com,Dawn.Loring@gmail.com,firefighter
371,Calla,Orlene,Calla.Orlene@yopmail.com,Calla.Orlene@gmail.com,worker
372,Tatiania,Bakerman,Tatiania.Bakerman@yopmail.com,Tatiania.Bakerman@gmail.com,firefighter
373,Rivalee,Chinua,Rivalee.Chinua@yopmail.com,Rivalee.Chinua@gmail.com,police officer
374,Atlanta,Lory,Atlanta.Lory@yopmail.com,Atlanta.Lory@gmail.com,firefighter
375,Liana,Hedve,Liana.Hedve@yopmail.com,Liana.Hedve@gmail.com,worker
376,Carlie,Elbertina,Carlie.Elbertina@yopmail.com,Carlie.Elbertina@gmail.com,doctor
377,Nyssa,McClimans,Nyssa.McClimans@yopmail.com,Nyssa.McClimans@gmail.com,doctor
378,Britte,Brieta,Britte.Brieta@yopmail.com,Britte.Brieta@gmail.com,doctor
379,Kylynn,Boycey,Kylynn.Boycey@yopmail.com,Kylynn.Boycey@gmail.com,worker
380,Jolyn,Natica,Jolyn.Natica@yopmail.com,Jolyn.Natica@gmail.com,police officer
381,Robbi,Cath,Robbi.Cath@yopmail.com,Robbi.Cath@gmail.com,worker
382,Britni,Herrera,Britni.Herrera@yopmail.com,Britni.Herrera@gmail.com,firefighter
383,Myrtice,Tufts,Myrtice.Tufts@yopmail.com,Myrtice.Tufts@gmail.com,developer
384,Nerta,Eldrid,Nerta.Eldrid@yopmail.com,Nerta.Eldrid@gmail.com,worker
385,Jennica,Ardeha,Jennica.Ardeha@yopmail.com,Jennica.Ardeha@gmail.com,police officer
386,Reeba,Terencio,Reeba.Terencio@yopmail.com,Reeba.Terencio@gmail.com,developer
387,Joelly,Yuille,Joelly.Yuille@yopmail.com,Joelly.Yuille@gmail.com,developer
388,Ardeen,Cornelia,Ardeen.Cornelia@yopmail.com,Ardeen.Cornelia@gmail.com,developer
389,Joy,Braun,Joy.Braun@yopmail.com,Joy.Braun@gmail.com,developer
390,Carlie,Hashim,Carlie.Hashim@yopmail.com,Carlie.Hashim@gmail.com,developer
391,Gabriellia,Miru,Gabriellia.Miru@yopmail.com,Gabriellia.Miru@gmail.com,worker
392,Joane,Pip,Joane.Pip@yopmail.com,Joane.Pip@gmail.com,developer
393,Britte,Longfellow,Britte.Longfellow@yopmail.com,Britte.Longfellow@gmail.com,developer
394,Felice,Ariella,Felice.Ariella@yopmail.com,Felice.Ariella@gmail.com,doctor
395,Dione,Auberbach,Dione.Auberbach@yopmail.com,Dione.Auberbach@gmail.com,doctor
396,Tina,Janene,Tina.Janene@yopmail.com,Tina.Janene@gmail.com,firefighter
397,Cacilie,Roarke,Cacilie.Roarke@yopmail.com,Cacilie.Roarke@gmail.com,police officer
398,Shel,Mitzi,Shel.Mitzi@yopmail.com,Shel.Mitzi@gmail.com,firefighter
399,Mildrid,Llovera,Mildrid.Llovera@yopmail.com,Mildrid.Llovera@gmail.com,police officer
400,Carolina,Dom,Carolina.Dom@yopmail.com,Carolina.Dom@gmail.com,firefighter
401,Ellette,Zetta,Ellette.Zetta@yopmail.com,Ellette.Zetta@gmail.com,developer
402,Amelia,Rhu,Amelia.Rhu@yopmail.com,Amelia.Rhu@gmail.com,firefighter
403,Molli,Stanwood,Molli.Stanwood@yopmail.com,Molli.Stanwood@gmail.com,developer
404,Kathi,Colyer,Kathi.Colyer@yopmail.com,Kathi.Colyer@gmail.com,developer
405,Yetty,Eliathas,Yetty.Eliathas@yopmail.com,Yetty.Eliathas@gmail.com,developer
406,Binny,Drisko,Binny.Drisko@yopmail.com,Binny.Drisko@gmail.com,police officer
407,Jerry,Kosey,Jerry.Kosey@yopmail.com,Jerry.Kosey@gmail.com,developer
408,Basia,Bergman,Basia.Bergman@yopmail.com,Basia.Bergman@gmail.com,worker
409,Dyann,Donoghue,Dyann.Donoghue@yopmail.com,Dyann.Donoghue@gmail.com,worker
410,Xylina,Chauncey,Xylina.Chauncey@yopmail.com,Xylina.Chauncey@gmail.com,police officer
411,Bobinette,Joseph,Bobinette.Joseph@yopmail.com,Bobinette.Joseph@gmail.com,firefighter
412,Kara-Lynn,Kellby,Kara-Lynn.Kellby@yopmail.com,Kara-Lynn.Kellby@gmail.com,developer
413,Ardys,Raimondo,Ardys.Raimondo@yopmail.com,Ardys.Raimondo@gmail.com,developer
414,Nariko,Ahab,Nariko.Ahab@yopmail.com,Nariko.Ahab@gmail.com,developer
415,Zia,Kathie,Zia.Kathie@yopmail.com,Zia.Kathie@gmail.com,firefighter
416,Desirae,Kelula,Desirae.Kelula@yopmail.com,Desirae.Kelula@gmail.com,police officer
417,Lita,Robertson,Lita.Robertson@yopmail.com,Lita.Robertson@gmail.com,doctor
418,Janeczka,Maurine,Janeczka.Maurine@yopmail.com,Janeczka.Maurine@gmail.com,developer
419,Ilse,Silvan,Ilse.Silvan@yopmail.com,Ilse.Silvan@gmail.com,police officer
420,Modestia,Erlandson,Modestia.Erlandson@yopmail.com,Modestia.Erlandson@gmail.com,firefighter
421,Donetta,Modie,Donetta.Modie@yopmail.com,Donetta.Modie@gmail.com,worker
422,Gertrud,Eben,Gertrud.Eben@yopmail.com,Gertrud.Eben@gmail.com,police officer
423,Jessy,Ephrem,Jessy.Ephrem@yopmail.com,Jessy.Ephrem@gmail.com,worker
424,Joane,Noman,Joane.Noman@yopmail.com,Joane.Noman@gmail.com,police officer
425,Fina,Lauraine,Fina.Lauraine@yopmail.com,Fina.Lauraine@gmail.com,doctor
426,Sissy,Pyle,Sissy.Pyle@yopmail.com,Sissy.Pyle@gmail.com,worker
427,Rosaline,Rad,Rosaline.Rad@yopmail.com,Rosaline.Rad@gmail.com,firefighter
428,Etta,Gusella,Etta.Gusella@yopmail.com,Etta.Gusella@gmail.com,police officer
429,Fredericka,Hachmin,Fredericka.Hachmin@yopmail.com,Fredericka.Hachmin@gmail.com,worker
430,Sheelagh,Bohlin,Sheelagh.Bohlin@yopmail.com,Sheelagh.Bohlin@gmail.com,police officer
431,Shannah,Newell,Shannah.Newell@yopmail.com,Shannah.Newell@gmail.com,worker
432,Beatriz,Olympium,Beatriz.Olympium@yopmail.com,Beatriz.Olympium@gmail.com,worker
433,Sophia,Elsinore,Sophia.Elsinore@yopmail.com,Sophia.Elsinore@gmail.com,worker
434,Tami,Darian,Tami.Darian@yopmail.com,Tami.Darian@gmail.com,firefighter
435,Gianina,Loeb,Gianina.Loeb@yopmail.com,Gianina.Loeb@gmail.com,firefighter
436,Corly,Israeli,Corly.Israeli@yopmail.com,Corly.Israeli@gmail.com,doctor
437,Kristina,My,Kristina.My@yopmail.com,Kristina.My@gmail.com,doctor
438,Hannis,Dorothy,Hannis.Dorothy@yopmail.com,Hannis.Dorothy@gmail.com,firefighter
439,Ayn,Caitlin,Ayn.Caitlin@yopmail.com,Ayn.Caitlin@gmail.com,developer
440,Trudie,Vins,Trudie.Vins@yopmail.com,Trudie.Vins@gmail.com,police officer
441,Bernardine,Kenney,Bernardine.Kenney@yopmail.com,Bernardine.Kenney@gmail.com,firefighter
442,Florencia,Georgy,Florencia.Georgy@yopmail.com,Florencia.Georgy@gmail.com,developer
443,Dacia,Travax,Dacia.Travax@yopmail.com,Dacia.Travax@gmail.com,worker
444,Roslyn,Lory,Roslyn.Lory@yopmail.com,Roslyn.Lory@gmail.com,worker
445,Babita,Corilla,Babita.Corilla@yopmail.com,Babita.Corilla@gmail.com,firefighter
446,Dominga,Strephon,Dominga.Strephon@yopmail.com,Dominga.Strephon@gmail.com,firefighter
447,Kaja,Toor,Kaja.Toor@yopmail.com,Kaja.Toor@gmail.com,firefighter
448,Meghann,Mendez,Meghann.Mendez@yopmail.com,Meghann.Mendez@gmail.com,developer
449,Bobbi,Pulsifer,Bobbi.Pulsifer@yopmail.com,Bobbi.Pulsifer@gmail.com,doctor
450,Bernie,Shaddock,Bernie.Shaddock@yopmail.com,Bernie.Shaddock@gmail.com,police officer
451,Lolita,Klemperer,Lolita.Klemperer@yopmail.com,Lolita.Klemperer@gmail.com,doctor
452,Harmonia,Riva,Harmonia.Riva@yopmail.com,Harmonia.Riva@gmail.com,worker
453,Maridel,Shelba,Maridel.Shelba@yopmail.com,Maridel.Shelba@gmail.com,police officer
454,Livvyy,Kirbee,Livvyy.Kirbee@yopmail.com,Livvyy.Kirbee@gmail.com,doctor
455,Steffane,Hortensia,Steffane.Hortensia@yopmail.com,Steffane.Hortensia@gmail.com,firefighter
456,Susan,Thad,Susan.Thad@yopmail.com,Susan.Thad@gmail.com,developer
457,Marinna,Olnee,Marinna.Olnee@yopmail.com,Marinna.Olnee@gmail.com,police officer
458,Tersina,Donell,Tersina.Donell@yopmail.com,Tersina.Donell@gmail.com,developer
459,Georgetta,Janene,Georgetta.Janene@yopmail.com,Georgetta.Janene@gmail.com,doctor
460,Louella,Brittani,Louella.Brittani@yopmail.com,Louella.Brittani@gmail.com,worker
461,Jackie,Sheng,Jackie.Sheng@yopmail.com,Jackie.Sheng@gmail.com,police officer
462,Helsa,Dosia,Helsa.Dosia@yopmail.com,Helsa.Dosia@gmail.com,developer
463,Cecile,Standing,Cecile.Standing@yopmail.com,Cecile.Standing@gmail.com,police officer
464,Theodora,Rustice,Theodora.Rustice@yopmail.com,Theodora.Rustice@gmail.com,doctor
465,Mara,Greyson,Mara.Greyson@yopmail.com,Mara.Greyson@gmail.com,doctor
466,Roslyn,Urania,Roslyn.Urania@yopmail.com,Roslyn.Urania@gmail.com,developer
467,Britni,Deny,Britni.Deny@yopmail.com,Britni.Deny@gmail.com,worker
468,Emylee,Damarra,Emylee.Damarra@yopmail.com,Emylee.Damarra@gmail.com,police officer
469,Rayna,Zenas,Rayna.Zenas@yopmail.com,Rayna.Zenas@gmail.com,worker
470,Katuscha,Thilda,Katuscha.Thilda@yopmail.com,Katuscha.Thilda@gmail.com,doctor
471,Celisse,Edvard,Celisse.Edvard@yopmail.com,Celisse.Edvard@gmail.com,worker
472,Elsie,Bebe,Elsie.Bebe@yopmail.com,Elsie.Bebe@gmail.com,doctor
473,Mildrid,Gunn,Mildrid.Gunn@yopmail.com,Mildrid.Gunn@gmail.com,developer
474,Aurelie,Kendrick,Aurelie.Kendrick@yopmail.com,Aurelie.Kendrick@gmail.com,developer
475,Robinia,Joseph,Robinia.Joseph@yopmail.com,Robinia.Joseph@gmail.com,developer
476,Coral,Hylan,Coral.Hylan@yopmail.com,Coral.Hylan@gmail.com,developer
477,Wanda,Kirbee,Wanda.Kirbee@yopmail.com,Wanda.Kirbee@gmail.com,firefighter
478,Aurelie,Redmond,Aurelie.Redmond@yopmail.com,Aurelie.Redmond@gmail.com,firefighter
479,Candi,Nickola,Candi.Nickola@yopmail.com,Candi.Nickola@gmail.com,developer
480,Norine,Fadiman,Norine.Fadiman@yopmail.com,Norine.Fadiman@gmail.com,developer
481,Clo,Cookie,Clo.Cookie@yopmail.com,Clo.Cookie@gmail.com,developer
482,Merci,Johnsson,Merci.Johnsson@yopmail.com,Merci.Johnsson@gmail.com,developer
483,Allyce,Korey,Allyce.Korey@yopmail.com,Allyce.Korey@gmail.com,police officer
484,Jemie,Cleo,Jemie.Cleo@yopmail.com,Jemie.Cleo@gmail.com,firefighter
485,Ericka,Moina,Ericka.Moina@yopmail.com,Ericka.Moina@gmail.com,developer
486,Perry,Greenwald,Perry.Greenwald@yopmail.com,Perry.Greenwald@gmail.com,developer
487,Collen,Stanwood,Collen.Stanwood@yopmail.com,Collen.Stanwood@gmail.com,developer
488,Jacquetta,Anestassia,Jacquetta.Anestassia@yopmail.com,Jacquetta.Anestassia@gmail.com,doctor
489,Caressa,Gerge,Caressa.Gerge@yopmail.com,Caressa.Gerge@gmail.com,police officer
490,Corly,Hartnett,Corly.Hartnett@yopmail.com,Corly.Hartnett@gmail.com,police officer
491,Albertina,Idelia,Albertina.Idelia@yopmail.com,Albertina.Idelia@gmail.com,doctor
492,Gaylene,Naashom,Gaylene.Naashom@yopmail.com,Gaylene.Naashom@gmail.com,doctor
493,Aeriela,Pelagias,Aeriela.Pelagias@yopmail.com,Aeriela.Pelagias@gmail.com,firefighter
494,Alyda,Penelopa,Alyda.Penelopa@yopmail.com,Alyda.Penelopa@gmail.com,firefighter
495,Beth,Vanni,Beth.Vanni@yopmail.com,Beth.Vanni@gmail.com,developer
496,Elena,Regan,Elena.Regan@yopmail.com,Elena.Regan@gmail.com,firefighter
497,Kirbee,Fredi,Kirbee.Fredi@yopmail.com,Kirbee.Fredi@gmail.com,police officer
498,Edee,Buckler,Edee.Buckler@yopmail.com,Edee.Buckler@gmail.com,worker
499,Johna,Lewes,Johna.Lewes@yopmail.com,Johna.Lewes@gmail.com,firefighter
500,Winny,Verger,Winny.Verger@yopmail.com,Winny.Verger@gmail.com,worker
501,Elvira,Dawkins,Elvira.Dawkins@yopmail.com,Elvira.Dawkins@gmail.com,police officer
502,Elsie,Wenda,Elsie.Wenda@yopmail.com,Elsie.Wenda@gmail.com,developer
503,Andree,Dituri,Andree.Dituri@yopmail.com,Andree.Dituri@gmail.com,police officer
504,Beatriz,Zrike,Beatriz.Zrike@yopmail.com,Beatriz.Zrike@gmail.com,firefighter
505,Jan,Maxi,Jan.Maxi@yopmail.com,Jan.Maxi@gmail.com,firefighter
506,Johna,Read,Johna.Read@yopmail.com,Johna.Read@gmail.com,firefighter
507,Barbara,Pearse,Barbara.Pearse@yopmail.com,Barbara.Pearse@gmail.com,firefighter
508,Antonietta,Vernier,Antonietta.Vernier@yopmail.com,Antonietta.Vernier@gmail.com,firefighter
509,Tori,Rossner,Tori.Rossner@yopmail.com,Tori.Rossner@gmail.com,developer
510,Dode,Terencio,Dode.Terencio@yopmail.com,Dode.Terencio@gmail.com,worker
511,Kenna,Bandeen,Kenna.Bandeen@yopmail.com,Kenna.Bandeen@gmail.com,police officer
512,Sam,Rolf,Sam.Rolf@yopmail.com,Sam.Rolf@gmail.com,developer
513,Karly,Lubin,Karly.Lubin@yopmail.com,Karly.Lubin@gmail.com,police officer
514,Marita,Bouchard,Marita.Bouchard@yopmail.com,Marita.Bouchard@gmail.com,doctor
515,Odessa,Buffum,Odessa.Buffum@yopmail.com,Odessa.Buffum@gmail.com,developer
516,Rosanne,Screens,Rosanne.Screens@yopmail.com,Rosanne.Screens@gmail.com,worker
517,Mellicent,Carvey,Mellicent.Carvey@yopmail.com,Mellicent.Carvey@gmail.com,doctor
518,Fred,Evvie,Fred.Evvie@yopmail.com,Fred.Evvie@gmail.com,police officer
519,Verla,Wandie,Verla.Wandie@yopmail.com,Verla.Wandie@gmail.com,developer
520,Gale,Terencio,Gale.Terencio@yopmail.com,Gale.Terencio@gmail.com,doctor
521,Laurene,Beebe,Laurene.Beebe@yopmail.com,Laurene.Beebe@gmail.com,police officer
522,Rori,Mike,Rori.Mike@yopmail.com,Rori.Mike@gmail.com,doctor
523,Priscilla,Iiette,Priscilla.Iiette@yopmail.com,Priscilla.Iiette@gmail.com,doctor
524,Ermengarde,Poll,Ermengarde.Poll@yopmail.com,Ermengarde.Poll@gmail.com,police officer
525,Courtnay,Kazimir,Courtnay.Kazimir@yopmail.com,Courtnay.Kazimir@gmail.com,worker
526,Millie,Noman,Millie.Noman@yopmail.com,Millie.Noman@gmail.com,firefighter
527,Cristabel,Vacuva,Cristabel.Vacuva@yopmail.com,Cristabel.Vacuva@gmail.com,police officer
528,Hannis,Oriana,Hannis.Oriana@yopmail.com,Hannis.Oriana@gmail.com,doctor
529,Corly,Waite,Corly.Waite@yopmail.com,Corly.Waite@gmail.com,developer
530,Ursulina,Elisha,Ursulina.Elisha@yopmail.com,Ursulina.Elisha@gmail.com,doctor
531,Silvana,Weitman,Silvana.Weitman@yopmail.com,Silvana.Weitman@gmail.com,police officer
532,Meriel,Mathilde,Meriel.Mathilde@yopmail.com,Meriel.Mathilde@gmail.com,developer
533,Feliza,Cornelia,Feliza.Cornelia@yopmail.com,Feliza.Cornelia@gmail.com,police officer
534,Deloria,Wilona,Deloria.Wilona@yopmail.com,Deloria.Wilona@gmail.com,police officer
535,Lanae,Hourigan,Lanae.Hourigan@yopmail.com,Lanae.Hourigan@gmail.com,worker
536,Inga,Jacqui,Inga.Jacqui@yopmail.com,Inga.Jacqui@gmail.com,police officer
537,Tracey,Constancy,Tracey.Constancy@yopmail.com,Tracey.Constancy@gmail.com,doctor
538,Lenna,Hermes,Lenna.Hermes@yopmail.com,Lenna.Hermes@gmail.com,police officer
539,Binny,Adrienne,Binny.Adrienne@yopmail.com,Binny.Adrienne@gmail.com,worker
540,Alyssa,Ackerley,Alyssa.Ackerley@yopmail.com,Alyssa.Ackerley@gmail.com,doctor
541,Kelly,McGrody,Kelly.McGrody@yopmail.com,Kelly.McGrody@gmail.com,firefighter
542,Paulita,Pillsbury,Paulita.Pillsbury@yopmail.com,Paulita.Pillsbury@gmail.com,doctor
543,Aimil,Melan,Aimil.Melan@yopmail.com,Aimil.Melan@gmail.com,firefighter
544,Alleen,Gino,Alleen.Gino@yopmail.com,Alleen.Gino@gmail.com,developer
545,Averyl,Pacorro,Averyl.Pacorro@yopmail.com,Averyl.Pacorro@gmail.com,police officer
546,Jennica,Rossner,Jennica.Rossner@yopmail.com,Jennica.Rossner@gmail.com,worker
547,Dorthy,Suzetta,Dorthy.Suzetta@yopmail.com,Dorthy.Suzetta@gmail.com,police officer
548,Calla,Jena,Calla.Jena@yopmail.com,Calla.Jena@gmail.com,doctor
549,Robbi,Ietta,Robbi.Ietta@yopmail.com,Robbi.Ietta@gmail.com,firefighter
550,Sara-Ann,Joachim,Sara-Ann.Joachim@yopmail.com,Sara-Ann.Joachim@gmail.com,worker
551,Marcy,Etom,Marcy.Etom@yopmail.com,Marcy.Etom@gmail.com,developer
552,Ericka,Rosette,Ericka.Rosette@yopmail.com,Ericka.Rosette@gmail.com,firefighter
553,Minda,Ferino,Minda.Ferino@yopmail.com,Minda.Ferino@gmail.com,worker
554,Tamqrah,Jagir,Tamqrah.Jagir@yopmail.com,Tamqrah.Jagir@gmail.com,worker
555,Tomasina,Colbert,Tomasina.Colbert@yopmail.com,Tomasina.Colbert@gmail.com,police officer
556,Lindie,Center,Lindie.Center@yopmail.com,Lindie.Center@gmail.com,worker
557,Marti,Weaks,Marti.Weaks@yopmail.com,Marti.Weaks@gmail.com,police officer
558,Moyna,Dosia,Moyna.Dosia@yopmail.com,Moyna.Dosia@gmail.com,doctor
559,Patricia,Charity,Patricia.Charity@yopmail.com,Patricia.Charity@gmail.com,firefighter
560,Sadie,Moseley,Sadie.Moseley@yopmail.com,Sadie.Moseley@gmail.com,police officer
561,Susan,Zola,Susan.Zola@yopmail.com,Susan.Zola@gmail.com,worker
562,Ursulina,Berl,Ursulina.Berl@yopmail.com,Ursulina.Berl@gmail.com,worker
563,Justinn,Colp,Justinn.Colp@yopmail.com,Justinn.Colp@gmail.com,doctor
564,Ivett,Middleton,Ivett.Middleton@yopmail.com,Ivett.Middleton@gmail.com,developer
565,Aimil,Kunin,Aimil.Kunin@yopmail.com,Aimil.Kunin@gmail.com,doctor
566,Verla,Kiyoshi,Verla.Kiyoshi@yopmail.com,Verla.Kiyoshi@gmail.com,firefighter
567,Gilda,Lynn,Gilda.Lynn@yopmail.com,Gilda.Lynn@gmail.com,police officer
568,Ethel,Grosz,Ethel.Grosz@yopmail.com,Ethel.Grosz@gmail.com,police officer
569,Kylynn,Erich,Kylynn.Erich@yopmail.com,Kylynn.Erich@gmail.com,firefighter
570,Melanie,Earlie,Melanie.Earlie@yopmail.com,Melanie.Earlie@gmail.com,doctor
571,Susan,Catie,Susan.Catie@yopmail.com,Susan.Catie@gmail.com,firefighter
572,Drucie,Nikaniki,Drucie.Nikaniki@yopmail.com,Drucie.Nikaniki@gmail.com,firefighter
573,Gale,Knowling,Gale.Knowling@yopmail.com,Gale.Knowling@gmail.com,firefighter
574,Dulcinea,Valoniah,Dulcinea.Valoniah@yopmail.com,Dulcinea.Valoniah@gmail.com,police officer
575,Gabi,Dearborn,Gabi.Dearborn@yopmail.com,Gabi.Dearborn@gmail.com,worker
576,Eve,Colyer,Eve.Colyer@yopmail.com,Eve.Colyer@gmail.com,police officer
577,Cherrita,Boehike,Cherrita.Boehike@yopmail.com,Cherrita.Boehike@gmail.com,worker
578,Marika,Imelida,Marika.Imelida@yopmail.com,Marika.Imelida@gmail.com,doctor
579,Lanae,Kolnick,Lanae.Kolnick@yopmail.com,Lanae.Kolnick@gmail.com,police officer
580,Feliza,Shuler,Feliza.Shuler@yopmail.com,Feliza.Shuler@gmail.com,developer
581,Dorene,Autrey,Dorene.Autrey@yopmail.com,Dorene.Autrey@gmail.com,worker
582,Lucille,Wilkinson,Lucille.Wilkinson@yopmail.com,Lucille.Wilkinson@gmail.com,police officer
583,Sherrie,Guthrie,Sherrie.Guthrie@yopmail.com,Sherrie.Guthrie@gmail.com,firefighter
584,Anallese,Stefa,Anallese.Stefa@yopmail.com,Anallese.Stefa@gmail.com,firefighter
585,Ulrike,Goode,Ulrike.Goode@yopmail.com,Ulrike.Goode@gmail.com,police officer
586,Dolli,Llovera,Dolli.Llovera@yopmail.com,Dolli.Llovera@gmail.com,developer
587,Beatriz,Abernon,Beatriz.Abernon@yopmail.com,Beatriz.Abernon@gmail.com,firefighter
588,Annora,Nance,Annora.Nance@yopmail.com,Annora.Nance@gmail.com,worker
589,Aurelie,Bronk,Aurelie.Bronk@yopmail.com,Aurelie.Bronk@gmail.com,police officer
590,Millie,Goddard,Millie.Goddard@yopmail.com,Millie.Goddard@gmail.com,developer
591,Fredericka,Mauer,Fredericka.Mauer@yopmail.com,Fredericka.Mauer@gmail.com,police officer
592,Ebonee,Bonilla,Ebonee.Bonilla@yopmail.com,Ebonee.Bonilla@gmail.com,developer
593,Tina,Raseda,Tina.Raseda@yopmail.com,Tina.Raseda@gmail.com,police officer
594,Candy,Buckler,Candy.Buckler@yopmail.com,Candy.Buckler@gmail.com,doctor
595,Jaime,Poll,Jaime.Poll@yopmail.com,Jaime.Poll@gmail.com,police officer
596,Kimberley,Rooney,Kimberley.Rooney@yopmail.com,Kimberley.Rooney@gmail.com,firefighter
597,Chickie,Chobot,Chickie.Chobot@yopmail.com,Chickie.Chobot@gmail.com,firefighter
598,Cherilyn,Buffum,Cherilyn.Buffum@yopmail.com,Cherilyn.Buffum@gmail.com,police officer
599,Caressa,Sholley,Caressa.Sholley@yopmail.com,Caressa.Sholley@gmail.com,police officer
600,Miquela,Paton,Miquela.Paton@yopmail.com,Miquela.Paton@gmail.com,doctor
601,Tiffie,Arquit,Tiffie.Arquit@yopmail.com,Tiffie.Arquit@gmail.com,police officer
602,Trixi,Harl,Trixi.Harl@yopmail.com,Trixi.Harl@gmail.com,police officer
603,Valeda,Ludewig,Valeda.Ludewig@yopmail.com,Valeda.Ludewig@gmail.com,worker
604,Fanchon,Gaynor,Fanchon.Gaynor@yopmail.com,Fanchon.Gaynor@gmail.com,developer
605,Jillayne,Melony,Jillayne.Melony@yopmail.com,Jillayne.Melony@gmail.com,worker
606,Sharai,Alarise,Sharai.Alarise@yopmail.com,Sharai.Alarise@gmail.com,doctor
607,Kathy,Etom,Kathy.Etom@yopmail.com,Kathy.Etom@gmail.com,police officer
608,Bernardine,Lunsford,Bernardine.Lunsford@yopmail.com,Bernardine.Lunsford@gmail.com,worker
609,Pearline,Cullin,Pearline.Cullin@yopmail.com,Pearline.Cullin@gmail.com,worker
610,Kayla,Felizio,Kayla.Felizio@yopmail.com,Kayla.Felizio@gmail.com,police officer
611,Karlee,Percy,Karlee.Percy@yopmail.com,Karlee.Percy@gmail.com,worker
612,Dyann,Newell,Dyann.Newell@yopmail.com,Dyann.Newell@gmail.com,doctor
613,Eadie,Si,Eadie.Si@yopmail.com,Eadie.Si@gmail.com,worker
614,Morganica,Chobot,Morganica.Chobot@yopmail.com,Morganica.Chobot@gmail.com,police officer
615,Maridel,Nisbet,Maridel.Nisbet@yopmail.com,Maridel.Nisbet@gmail.com,police officer
616,Mildrid,Gert,Mildrid.Gert@yopmail.com,Mildrid.Gert@gmail.com,worker
617,Andeee,Sparhawk,Andeee.Sparhawk@yopmail.com,Andeee.Sparhawk@gmail.com,police officer
618,Amara,Dimitris,Amara.Dimitris@yopmail.com,Amara.Dimitris@gmail.com,doctor
619,Gaylene,Engdahl,Gaylene.Engdahl@yopmail.com,Gaylene.Engdahl@gmail.com,developer
620,Tybie,Dorothy,Tybie.Dorothy@yopmail.com,Tybie.Dorothy@gmail.com,developer
621,Joane,Rocray,Joane.Rocray@yopmail.com,Joane.Rocray@gmail.com,worker
622,Silvana,Orpah,Silvana.Orpah@yopmail.com,Silvana.Orpah@gmail.com,firefighter
623,Ernesta,Hillel,Ernesta.Hillel@yopmail.com,Ernesta.Hillel@gmail.com,doctor
624,Amara,Thar,Amara.Thar@yopmail.com,Amara.Thar@gmail.com,doctor
625,Shaine,Lenny,Shaine.Lenny@yopmail.com,Shaine.Lenny@gmail.com,doctor
626,Magdalena,Baudin,Magdalena.Baudin@yopmail.com,Magdalena.Baudin@gmail.com,firefighter
627,Taffy,Suk,Taffy.Suk@yopmail.com,Taffy.Suk@gmail.com,doctor
628,Zia,Mike,Zia.Mike@yopmail.com,Zia.Mike@gmail.com,police officer
629,Orelia,Shaver,Orelia.Shaver@yopmail.com,Orelia.Shaver@gmail.com,police officer
630,Jorry,Linskey,Jorry.Linskey@yopmail.com,Jorry.Linskey@gmail.com,doctor
631,Elvira,Franza,Elvira.Franza@yopmail.com,Elvira.Franza@gmail.com,doctor
632,Edee,Kenwood,Edee.Kenwood@yopmail.com,Edee.Kenwood@gmail.com,police officer
633,Marylou,Fillbert,Marylou.Fillbert@yopmail.com,Marylou.Fillbert@gmail.com,firefighter
634,Raf,Odell,Raf.Odell@yopmail.com,Raf.Odell@gmail.com,doctor
635,Daryl,Giff,Daryl.Giff@yopmail.com,Daryl.Giff@gmail.com,doctor
636,Leia,Hathaway,Leia.Hathaway@yopmail.com,Leia.Hathaway@gmail.com,developer
637,Lizzie,Codding,Lizzie.Codding@yopmail.com,Lizzie.Codding@gmail.com,firefighter
638,Modestia,Rooney,Modestia.Rooney@yopmail.com,Modestia.Rooney@gmail.com,doctor
639,Wilma,Fennessy,Wilma.Fennessy@yopmail.com,Wilma.Fennessy@gmail.com,worker
640,Abbie,Kaja,Abbie.Kaja@yopmail.com,Abbie.Kaja@gmail.com,police officer
641,Fayre,Rocray,Fayre.Rocray@yopmail.com,Fayre.Rocray@gmail.com,worker
642,Imojean,Borrell,Imojean.Borrell@yopmail.com,Imojean.Borrell@gmail.com,police officer
643,Lynea,Redmond,Lynea.Redmond@yopmail.com,Lynea.Redmond@gmail.com,firefighter
644,Vere,Blake,Vere.Blake@yopmail.com,Vere.Blake@gmail.com,doctor
645,Luci,Zina,Luci.Zina@yopmail.com,Luci.Zina@gmail.com,police officer
646,Micheline,Tamsky,Micheline.Tamsky@yopmail.com,Micheline.Tamsky@gmail.com,firefighter
647,Felice,Bury,Felice.Bury@yopmail.com,Felice.Bury@gmail.com,doctor
648,Rani,Agle,Rani.Agle@yopmail.com,Rani.Agle@gmail.com,firefighter
649,Nananne,Maribeth,Nananne.Maribeth@yopmail.com,Nananne.Maribeth@gmail.com,police officer
650,Giustina,Morgun,Giustina.Morgun@yopmail.com,Giustina.Morgun@gmail.com,worker
651,Maisey,Lunsford,Maisey.Lunsford@yopmail.com,Maisey.Lunsford@gmail.com,firefighter
652,Gilligan,Skell,Gilligan.Skell@yopmail.com,Gilligan.Skell@gmail.com,police officer
653,Tarra,Garek,Tarra.Garek@yopmail.com,Tarra.Garek@gmail.com,firefighter
654,Yvonne,Zina,Yvonne.Zina@yopmail.com,Yvonne.Zina@gmail.com,worker
655,Dyann,Belldas,Dyann.Belldas@yopmail.com,Dyann.Belldas@gmail.com,doctor
656,Wilma,Brittani,Wilma.Brittani@yopmail.com,Wilma.Brittani@gmail.com,doctor
657,Vinita,Ophelia,Vinita.Ophelia@yopmail.com,Vinita.Ophelia@gmail.com,police officer
658,Cyb,Tremayne,Cyb.Tremayne@yopmail.com,Cyb.Tremayne@gmail.com,police officer
659,Tabbatha,Fax,Tabbatha.Fax@yopmail.com,Tabbatha.Fax@gmail.com,developer
660,Dyann,Robertson,Dyann.Robertson@yopmail.com,Dyann.Robertson@gmail.com,doctor
661,Meriel,McClimans,Meriel.McClimans@yopmail.com,Meriel.McClimans@gmail.com,doctor
662,Justinn,Juan,Justinn.Juan@yopmail.com,Justinn.Juan@gmail.com,worker
663,Hermione,Dex,Hermione.Dex@yopmail.com,Hermione.Dex@gmail.com,firefighter
664,Clo,Olnee,Clo.Olnee@yopmail.com,Clo.Olnee@gmail.com,developer
665,Letizia,Holtz,Letizia.Holtz@yopmail.com,Letizia.Holtz@gmail.com,police officer
666,Lesly,Guildroy,Lesly.Guildroy@yopmail.com,Lesly.Guildroy@gmail.com,developer
667,Rivalee,Skurnik,Rivalee.Skurnik@yopmail.com,Rivalee.Skurnik@gmail.com,firefighter
668,Lanna,Pillsbury,Lanna.Pillsbury@yopmail.com,Lanna.Pillsbury@gmail.com,firefighter
669,Lizzie,Chabot,Lizzie.Chabot@yopmail.com,Lizzie.Chabot@gmail.com,worker
670,Lorie,Winthorpe,Lorie.Winthorpe@yopmail.com,Lorie.Winthorpe@gmail.com,developer
671,Therine,Haldas,Therine.Haldas@yopmail.com,Therine.Haldas@gmail.com,police officer
672,Cathyleen,Kare,Cathyleen.Kare@yopmail.com,Cathyleen.Kare@gmail.com,doctor
673,Ayn,Meli,Ayn.Meli@yopmail.com,Ayn.Meli@gmail.com,doctor
674,Arlena,Destinee,Arlena.Destinee@yopmail.com,Arlena.Destinee@gmail.com,doctor
675,Carmela,Yorick,Carmela.Yorick@yopmail.com,Carmela.Yorick@gmail.com,police officer
676,Brandise,Toni,Brandise.Toni@yopmail.com,Brandise.Toni@gmail.com,police officer
677,Betta,Allina,Betta.Allina@yopmail.com,Betta.Allina@gmail.com,firefighter
678,Paulita,Rad,Paulita.Rad@yopmail.com,Paulita.Rad@gmail.com,worker
679,Phedra,Bryna,Phedra.Bryna@yopmail.com,Phedra.Bryna@gmail.com,worker
680,Kittie,Lacombe,Kittie.Lacombe@yopmail.com,Kittie.Lacombe@gmail.com,doctor
681,Teriann,Beniamino,Teriann.Beniamino@yopmail.com,Teriann.Beniamino@gmail.com,firefighter
682,Pierette,Jammal,Pierette.Jammal@yopmail.com,Pierette.Jammal@gmail.com,firefighter
683,Modestia,Carbo,Modestia.Carbo@yopmail.com,Modestia.Carbo@gmail.com,developer
684,Wendi,Hashim,Wendi.Hashim@yopmail.com,Wendi.Hashim@gmail.com,police officer
685,Dione,Sherrie,Dione.Sherrie@yopmail.com,Dione.Sherrie@gmail.com,firefighter
686,Jeanna,Burch,Jeanna.Burch@yopmail.com,Jeanna.Burch@gmail.com,doctor
687,Bernardine,Leary,Bernardine.Leary@yopmail.com,Bernardine.Leary@gmail.com,worker
688,Ida,Delacourt,Ida.Delacourt@yopmail.com,Ida.Delacourt@gmail.com,developer
689,Kate,Rubie,Kate.Rubie@yopmail.com,Kate.Rubie@gmail.com,firefighter
690,Justinn,Sundin,Justinn.Sundin@yopmail.com,Justinn.Sundin@gmail.com,developer
691,Alia,My,Alia.My@yopmail.com,Alia.My@gmail.com,developer
692,Jennica,Phyllis,Jennica.Phyllis@yopmail.com,Jennica.Phyllis@gmail.com,developer
693,Kamilah,Giule,Kamilah.Giule@yopmail.com,Kamilah.Giule@gmail.com,worker
694,Tierney,Francene,Tierney.Francene@yopmail.com,Tierney.Francene@gmail.com,police officer
695,Agathe,Hanleigh,Agathe.Hanleigh@yopmail.com,Agathe.Hanleigh@gmail.com,firefighter
696,Rani,Gino,Rani.Gino@yopmail.com,Rani.Gino@gmail.com,worker
697,Mamie,Odysseus,Mamie.Odysseus@yopmail.com,Mamie.Odysseus@gmail.com,worker
698,Trixi,Gilmour,Trixi.Gilmour@yopmail.com,Trixi.Gilmour@gmail.com,doctor
699,Roseline,Hermes,Roseline.Hermes@yopmail.com,Roseline.Hermes@gmail.com,developer
700,Hermione,Arley,Hermione.Arley@yopmail.com,Hermione.Arley@gmail.com,doctor
701,Georgetta,Horan,Georgetta.Horan@yopmail.com,Georgetta.Horan@gmail.com,developer
702,Farrah,Lubin,Farrah.Lubin@yopmail.com,Farrah.Lubin@gmail.com,police officer
703,Barbara,Darbie,Barbara.Darbie@yopmail.com,Barbara.Darbie@gmail.com,doctor
704,Christy,Ingra,Christy.Ingra@yopmail.com,Christy.Ingra@gmail.com,worker
705,Dede,Marcellus,Dede.Marcellus@yopmail.com,Dede.Marcellus@gmail.com,firefighter
706,Adele,Serilda,Adele.Serilda@yopmail.com,Adele.Serilda@gmail.com,developer
707,Babita,Albertine,Babita.Albertine@yopmail.com,Babita.Albertine@gmail.com,firefighter
708,Paule,Taima,Paule.Taima@yopmail.com,Paule.Taima@gmail.com,firefighter
709,Nickie,Septima,Nickie.Septima@yopmail.com,Nickie.Septima@gmail.com,worker
710,Pamella,Huggins,Pamella.Huggins@yopmail.com,Pamella.Huggins@gmail.com,developer
711,Teddie,Mintz,Teddie.Mintz@yopmail.com,Teddie.Mintz@gmail.com,worker
712,Estell,Lail,Estell.Lail@yopmail.com,Estell.Lail@gmail.com,doctor
713,Marti,Longfellow,Marti.Longfellow@yopmail.com,Marti.Longfellow@gmail.com,doctor
714,Sashenka,Himelman,Sashenka.Himelman@yopmail.com,Sashenka.Himelman@gmail.com,firefighter
715,Corly,Capello,Corly.Capello@yopmail.com,Corly.Capello@gmail.com,developer
716,Liana,Peg,Liana.Peg@yopmail.com,Liana.Peg@gmail.com,firefighter
717,Marjie,Isidore,Marjie.Isidore@yopmail.com,Marjie.Isidore@gmail.com,developer
718,Carmencita,Capello,Carmencita.Capello@yopmail.com,Carmencita.Capello@gmail.com,firefighter
719,Lexine,Deegan,Lexine.Deegan@yopmail.com,Lexine.Deegan@gmail.com,police officer
720,Babita,Kiyoshi,Babita.Kiyoshi@yopmail.com,Babita.Kiyoshi@gmail.com,worker
721,Shannah,Honoria,Shannah.Honoria@yopmail.com,Shannah.Honoria@gmail.com,doctor
722,Ethel,Bryna,Ethel.Bryna@yopmail.com,Ethel.Bryna@gmail.com,firefighter
723,Collen,Eiser,Collen.Eiser@yopmail.com,Collen.Eiser@gmail.com,developer
724,Kaia,Bollay,Kaia.Bollay@yopmail.com,Kaia.Bollay@gmail.com,developer
725,Flory,Korey,Flory.Korey@yopmail.com,Flory.Korey@gmail.com,developer
726,Winifred,Weide,Winifred.Weide@yopmail.com,Winifred.Weide@gmail.com,firefighter
727,Tierney,Laurianne,Tierney.Laurianne@yopmail.com,Tierney.Laurianne@gmail.com,developer
728,Marguerite,Raama,Marguerite.Raama@yopmail.com,Marguerite.Raama@gmail.com,developer
729,Patricia,Bluh,Patricia.Bluh@yopmail.com,Patricia.Bluh@gmail.com,doctor
730,Adriana,Garrison,Adriana.Garrison@yopmail.com,Adriana.Garrison@gmail.com,police officer
731,Cassondra,Burnside,Cassondra.Burnside@yopmail.com,Cassondra.Burnside@gmail.com,worker
732,Gaylene,Jotham,Gaylene.Jotham@yopmail.com,Gaylene.Jotham@gmail.com,firefighter
733,Bernardine,Lucienne,Bernardine.Lucienne@yopmail.com,Bernardine.Lucienne@gmail.com,firefighter
734,Liana,Jethro,Liana.Jethro@yopmail.com,Liana.Jethro@gmail.com,firefighter
735,Leontine,Skell,Leontine.Skell@yopmail.com,Leontine.Skell@gmail.com,worker
736,Georgina,Forrer,Georgina.Forrer@yopmail.com,Georgina.Forrer@gmail.com,worker
737,Codie,Raseda,Codie.Raseda@yopmail.com,Codie.Raseda@gmail.com,police officer
738,Tressa,Florina,Tressa.Florina@yopmail.com,Tressa.Florina@gmail.com,firefighter
739,Katuscha,Lacombe,Katuscha.Lacombe@yopmail.com,Katuscha.Lacombe@gmail.com,worker
740,Meghann,Cosenza,Meghann.Cosenza@yopmail.com,Meghann.Cosenza@gmail.com,doctor
741,Kirbee,Hull,Kirbee.Hull@yopmail.com,Kirbee.Hull@gmail.com,developer
742,Tori,Anis,Tori.Anis@yopmail.com,Tori.Anis@gmail.com,firefighter
743,Keelia,Norrie,Keelia.Norrie@yopmail.com,Keelia.Norrie@gmail.com,police officer
744,Yetty,Kravits,Yetty.Kravits@yopmail.com,Yetty.Kravits@gmail.com,developer
745,Tersina,Gibbeon,Tersina.Gibbeon@yopmail.com,Tersina.Gibbeon@gmail.com,doctor
746,Oona,Anestassia,Oona.Anestassia@yopmail.com,Oona.Anestassia@gmail.com,worker
747,Dacia,Bow,Dacia.Bow@yopmail.com,Dacia.Bow@gmail.com,developer
748,Cam,Marsden,Cam.Marsden@yopmail.com,Cam.Marsden@gmail.com,worker
749,Jenilee,Erich,Jenilee.Erich@yopmail.com,Jenilee.Erich@gmail.com,developer
750,Chrystel,Cherianne,Chrystel.Cherianne@yopmail.com,Chrystel.Cherianne@gmail.com,firefighter
751,Felice,Gahl,Felice.Gahl@yopmail.com,Felice.Gahl@gmail.com,firefighter
752,Marika,Ardra,Marika.Ardra@yopmail.com,Marika.Ardra@gmail.com,doctor
753,Kittie,Cornelia,Kittie.Cornelia@yopmail.com,Kittie.Cornelia@gmail.com,firefighter
754,Cyb,Kress,Cyb.Kress@yopmail.com,Cyb.Kress@gmail.com,worker
755,Tomasina,Vharat,Tomasina.Vharat@yopmail.com,Tomasina.Vharat@gmail.com,firefighter
756,Kore,Fancie,Kore.Fancie@yopmail.com,Kore.Fancie@gmail.com,developer
757,Sallie,Norrie,Sallie.Norrie@yopmail.com,Sallie.Norrie@gmail.com,police officer
758,Alameda,Bonucci,Alameda.Bonucci@yopmail.com,Alameda.Bonucci@gmail.com,developer
759,Ardeen,Wesle,Ardeen.Wesle@yopmail.com,Ardeen.Wesle@gmail.com,doctor
760,Grier,Ingra,Grier.Ingra@yopmail.com,Grier.Ingra@gmail.com,developer
761,Wendi,Tamsky,Wendi.Tamsky@yopmail.com,Wendi.Tamsky@gmail.com,doctor
762,Cyndie,Thad,Cyndie.Thad@yopmail.com,Cyndie.Thad@gmail.com,firefighter
763,Philis,Shaddock,Philis.Shaddock@yopmail.com,Philis.Shaddock@gmail.com,firefighter
764,Kassey,Smitt,Kassey.Smitt@yopmail.com,Kassey.Smitt@gmail.com,worker
765,Aaren,Glovsky,Aaren.Glovsky@yopmail.com,Aaren.Glovsky@gmail.com,developer
766,Halette,Seligman,Halette.Seligman@yopmail.com,Halette.Seligman@gmail.com,doctor
767,Marylou,Schenck,Marylou.Schenck@yopmail.com,Marylou.Schenck@gmail.com,doctor
768,Trixi,Trinetta,Trixi.Trinetta@yopmail.com,Trixi.Trinetta@gmail.com,worker
769,Jordan,Brieta,Jordan.Brieta@yopmail.com,Jordan.Brieta@gmail.com,developer
770,Clary,Leary,Clary.Leary@yopmail.com,Clary.Leary@gmail.com,police officer
771,Cacilie,Silvan,Cacilie.Silvan@yopmail.com,Cacilie.Silvan@gmail.com,firefighter
772,Gwyneth,Hieronymus,Gwyneth.Hieronymus@yopmail.com,Gwyneth.Hieronymus@gmail.com,developer
773,Harrietta,Cosenza,Harrietta.Cosenza@yopmail.com,Harrietta.Cosenza@gmail.com,worker
774,Millie,Israeli,Millie.Israeli@yopmail.com,Millie.Israeli@gmail.com,worker
775,Addia,Etom,Addia.Etom@yopmail.com,Addia.Etom@gmail.com,police officer
776,Dominga,Concha,Dominga.Concha@yopmail.com,Dominga.Concha@gmail.com,firefighter
777,Fanny,Sundin,Fanny.Sundin@yopmail.com,Fanny.Sundin@gmail.com,worker
778,Bee,Burkle,Bee.Burkle@yopmail.com,Bee.Burkle@gmail.com,police officer
779,Jenda,Lattie,Jenda.Lattie@yopmail.com,Jenda.Lattie@gmail.com,police officer
780,Berta,Cookie,Berta.Cookie@yopmail.com,Berta.Cookie@gmail.com,police officer
781,Janeczka,McCutcheon,Janeczka.McCutcheon@yopmail.com,Janeczka.McCutcheon@gmail.com,worker
782,Caressa,Elisha,Caressa.Elisha@yopmail.com,Caressa.Elisha@gmail.com,police officer
783,Sherrie,Tufts,Sherrie.Tufts@yopmail.com,Sherrie.Tufts@gmail.com,police officer
784,Chastity,Torray,Chastity.Torray@yopmail.com,Chastity.Torray@gmail.com,doctor
785,Charlena,Poll,Charlena.Poll@yopmail.com,Charlena.Poll@gmail.com,police officer
786,Perry,Stanwood,Perry.Stanwood@yopmail.com,Perry.Stanwood@gmail.com,developer
787,Raina,Jagir,Raina.Jagir@yopmail.com,Raina.Jagir@gmail.com,police officer
788,Meghann,Bach,Meghann.Bach@yopmail.com,Meghann.Bach@gmail.com,police officer
789,Marita,Sasnett,Marita.Sasnett@yopmail.com,Marita.Sasnett@gmail.com,doctor
790,Amalie,Cherianne,Amalie.Cherianne@yopmail.com,Amalie.Cherianne@gmail.com,worker
791,Ivett,Durware,Ivett.Durware@yopmail.com,Ivett.Durware@gmail.com,firefighter
792,Shannah,Bahr,Shannah.Bahr@yopmail.com,Shannah.Bahr@gmail.com,doctor
793,Zondra,Delacourt,Zondra.Delacourt@yopmail.com,Zondra.Delacourt@gmail.com,doctor
794,Rosene,Boycey,Rosene.Boycey@yopmail.com,Rosene.Boycey@gmail.com,worker
795,Stacey,Riordan,Stacey.Riordan@yopmail.com,Stacey.Riordan@gmail.com,worker
796,Natka,Salvidor,Natka.Salvidor@yopmail.com,Natka.Salvidor@gmail.com,firefighter
797,Georgetta,Trinetta,Georgetta.Trinetta@yopmail.com,Georgetta.Trinetta@gmail.com,firefighter
798,Dulce,Merat,Dulce.Merat@yopmail.com,Dulce.Merat@gmail.com,doctor
799,Addia,Ranjiv,Addia.Ranjiv@yopmail.com,Addia.Ranjiv@gmail.com,doctor
800,Lauryn,Rustice,Lauryn.Rustice@yopmail.com,Lauryn.Rustice@gmail.com,doctor
801,Aimil,Melan,Aimil.Melan@yopmail.com,Aimil.Melan@gmail.com,firefighter
802,Jenda,Elbertina,Jenda.Elbertina@yopmail.com,Jenda.Elbertina@gmail.com,doctor
803,Danny,Naashom,Danny.Naashom@yopmail.com,Danny.Naashom@gmail.com,doctor
804,Livvyy,Manolo,Livvyy.Manolo@yopmail.com,Livvyy.Manolo@gmail.com,worker
805,Ada,Woodberry,Ada.Woodberry@yopmail.com,Ada.Woodberry@gmail.com,police officer
806,Judy,Zina,Judy.Zina@yopmail.com,Judy.Zina@gmail.com,doctor
807,Kittie,Jenness,Kittie.Jenness@yopmail.com,Kittie.Jenness@gmail.com,doctor
808,Andeee,Chauncey,Andeee.Chauncey@yopmail.com,Andeee.Chauncey@gmail.com,developer
809,Bobbi,Lane,Bobbi.Lane@yopmail.com,Bobbi.Lane@gmail.com,worker
810,Reeba,Ajay,Reeba.Ajay@yopmail.com,Reeba.Ajay@gmail.com,worker
811,Donnie,Lissi,Donnie.Lissi@yopmail.com,Donnie.Lissi@gmail.com,developer
812,Rozele,Mich,Rozele.Mich@yopmail.com,Rozele.Mich@gmail.com,worker
813,Rosabelle,Socha,Rosabelle.Socha@yopmail.com,Rosabelle.Socha@gmail.com,developer
814,Katharina,Sallyann,Katharina.Sallyann@yopmail.com,Katharina.Sallyann@gmail.com,firefighter
815,Atlanta,Nikaniki,Atlanta.Nikaniki@yopmail.com,Atlanta.Nikaniki@gmail.com,doctor
816,Giustina,Urias,Giustina.Urias@yopmail.com,Giustina.Urias@gmail.com,doctor
817,Tarra,Ax,Tarra.Ax@yopmail.com,Tarra.Ax@gmail.com,police officer
818,Bibby,Sophronia,Bibby.Sophronia@yopmail.com,Bibby.Sophronia@gmail.com,worker
819,Binny,Azeria,Binny.Azeria@yopmail.com,Binny.Azeria@gmail.com,firefighter
820,Jordan,Rebecka,Jordan.Rebecka@yopmail.com,Jordan.Rebecka@gmail.com,police officer
821,Brynna,Tamsky,Brynna.Tamsky@yopmail.com,Brynna.Tamsky@gmail.com,firefighter
822,Livvyy,Phi,Livvyy.Phi@yopmail.com,Livvyy.Phi@gmail.com,firefighter
823,Ottilie,Sacken,Ottilie.Sacken@yopmail.com,Ottilie.Sacken@gmail.com,firefighter
824,Tera,Rese,Tera.Rese@yopmail.com,Tera.Rese@gmail.com,firefighter
825,Elmira,Byrne,Elmira.Byrne@yopmail.com,Elmira.Byrne@gmail.com,firefighter
826,Jenilee,Goode,Jenilee.Goode@yopmail.com,Jenilee.Goode@gmail.com,police officer
827,Kelly,Casimir,Kelly.Casimir@yopmail.com,Kelly.Casimir@gmail.com,developer
828,Caryl,Fitzsimmons,Caryl.Fitzsimmons@yopmail.com,Caryl.Fitzsimmons@gmail.com,police officer
829,Gianina,Harday,Gianina.Harday@yopmail.com,Gianina.Harday@gmail.com,worker
830,Quintina,Alarise,Quintina.Alarise@yopmail.com,Quintina.Alarise@gmail.com,police officer
831,Calla,Rustice,Calla.Rustice@yopmail.com,Calla.Rustice@gmail.com,doctor
832,Cacilie,Bohlin,Cacilie.Bohlin@yopmail.com,Cacilie.Bohlin@gmail.com,police officer
833,Eolanda,Gaal,Eolanda.Gaal@yopmail.com,Eolanda.Gaal@gmail.com,police officer
834,Wynne,Norrie,Wynne.Norrie@yopmail.com,Wynne.Norrie@gmail.com,doctor
835,Lenna,Lowry,Lenna.Lowry@yopmail.com,Lenna.Lowry@gmail.com,firefighter
836,Tierney,Buffum,Tierney.Buffum@yopmail.com,Tierney.Buffum@gmail.com,worker
837,Blake,Isidore,Blake.Isidore@yopmail.com,Blake.Isidore@gmail.com,doctor
838,Estell,Edee,Estell.Edee@yopmail.com,Estell.Edee@gmail.com,police officer
839,Lily,Leler,Lily.Leler@yopmail.com,Lily.Leler@gmail.com,police officer
840,Lelah,Hunfredo,Lelah.Hunfredo@yopmail.com,Lelah.Hunfredo@gmail.com,firefighter
841,Ottilie,Pearse,Ottilie.Pearse@yopmail.com,Ottilie.Pearse@gmail.com,doctor
842,Elora,Bergman,Elora.Bergman@yopmail.com,Elora.Bergman@gmail.com,worker
843,Elmira,Rosemary,Elmira.Rosemary@yopmail.com,Elmira.Rosemary@gmail.com,police officer
844,Ira,Roscoe,Ira.Roscoe@yopmail.com,Ira.Roscoe@gmail.com,developer
845,Mignon,Kelula,Mignon.Kelula@yopmail.com,Mignon.Kelula@gmail.com,firefighter
846,Kial,Tryck,Kial.Tryck@yopmail.com,Kial.Tryck@gmail.com,doctor
847,Kate,Rosalba,Kate.Rosalba@yopmail.com,Kate.Rosalba@gmail.com,developer
848,Therine,Xerxes,Therine.Xerxes@yopmail.com,Therine.Xerxes@gmail.com,firefighter
849,Myriam,Oneida,Myriam.Oneida@yopmail.com,Myriam.Oneida@gmail.com,developer
850,Brena,Hepsibah,Brena.Hepsibah@yopmail.com,Brena.Hepsibah@gmail.com,worker
851,Norine,Cleavland,Norine.Cleavland@yopmail.com,Norine.Cleavland@gmail.com,doctor
852,Zsa Zsa,Hortensia,Zsa Zsa.Hortensia@yopmail.com,Zsa Zsa.Hortensia@gmail.com,police officer
853,Ingrid,Ingra,Ingrid.Ingra@yopmail.com,Ingrid.Ingra@gmail.com,police officer
854,Kerrin,Teryn,Kerrin.Teryn@yopmail.com,Kerrin.Teryn@gmail.com,police officer
855,Noelle,Ramona,Noelle.Ramona@yopmail.com,Noelle.Ramona@gmail.com,doctor
856,Basia,Simmonds,Basia.Simmonds@yopmail.com,Basia.Simmonds@gmail.com,firefighter
857,Anthia,Knowling,Anthia.Knowling@yopmail.com,Anthia.Knowling@gmail.com,developer
858,Heida,Obed,Heida.Obed@yopmail.com,Heida.Obed@gmail.com,firefighter
859,Delilah,Havens,Delilah.Havens@yopmail.com,Delilah.Havens@gmail.com,police officer
860,Mallory,Faust,Mallory.Faust@yopmail.com,Mallory.Faust@gmail.com,police officer
861,Elie,Thema,Elie.Thema@yopmail.com,Elie.Thema@gmail.com,doctor
862,Glynnis,Catie,Glynnis.Catie@yopmail.com,Glynnis.Catie@gmail.com,firefighter
863,Miquela,Lutero,Miquela.Lutero@yopmail.com,Miquela.Lutero@gmail.com,firefighter
864,Gilligan,McAdams,Gilligan.McAdams@yopmail.com,Gilligan.McAdams@gmail.com,firefighter
865,Elyssa,Frodi,Elyssa.Frodi@yopmail.com,Elyssa.Frodi@gmail.com,firefighter
866,Jere,Quinn,Jere.Quinn@yopmail.com,Jere.Quinn@gmail.com,firefighter
867,Eve,Berl,Eve.Berl@yopmail.com,Eve.Berl@gmail.com,doctor
868,Aurore,Artie,Aurore.Artie@yopmail.com,Aurore.Artie@gmail.com,police officer
869,Zsa Zsa,Shama,Zsa Zsa.Shama@yopmail.com,Zsa Zsa.Shama@gmail.com,developer
870,Raina,Cloris,Raina.Cloris@yopmail.com,Raina.Cloris@gmail.com,firefighter
871,Ebonee,Tristram,Ebonee.Tristram@yopmail.com,Ebonee.Tristram@gmail.com,police officer
872,Shannah,Winthorpe,Shannah.Winthorpe@yopmail.com,Shannah.Winthorpe@gmail.com,worker
873,Melina,Eliathas,Melina.Eliathas@yopmail.com,Melina.Eliathas@gmail.com,firefighter
874,Tarra,Janith,Tarra.Janith@yopmail.com,Tarra.Janith@gmail.com,worker
875,Drucie,Denis,Drucie.Denis@yopmail.com,Drucie.Denis@gmail.com,police officer
876,Drucie,Lane,Drucie.Lane@yopmail.com,Drucie.Lane@gmail.com,doctor
877,Sadie,Sibyls,Sadie.Sibyls@yopmail.com,Sadie.Sibyls@gmail.com,doctor
878,Gisela,Radu,Gisela.Radu@yopmail.com,Gisela.Radu@gmail.com,firefighter
879,Pearline,Tryck,Pearline.Tryck@yopmail.com,Pearline.Tryck@gmail.com,firefighter
880,Kamilah,O'Neill,Kamilah.O'Neill@yopmail.com,Kamilah.O'Neill@gmail.com,developer
881,Di,Jalbert,Di.Jalbert@yopmail.com,Di.Jalbert@gmail.com,firefighter
882,Nannie,McNully,Nannie.McNully@yopmail.com,Nannie.McNully@gmail.com,worker
883,Pamella,Hull,Pamella.Hull@yopmail.com,Pamella.Hull@gmail.com,worker
884,Kaja,Sisile,Kaja.Sisile@yopmail.com,Kaja.Sisile@gmail.com,police officer
885,Alameda,O'Neill,Alameda.O'Neill@yopmail.com,Alameda.O'Neill@gmail.com,developer
886,Gusty,Damarra,Gusty.Damarra@yopmail.com,Gusty.Damarra@gmail.com,police officer
887,Lesly,Dielu,Lesly.Dielu@yopmail.com,Lesly.Dielu@gmail.com,doctor
888,Vinita,Oneida,Vinita.Oneida@yopmail.com,Vinita.Oneida@gmail.com,worker
889,Danny,Diann,Danny.Diann@yopmail.com,Danny.Diann@gmail.com,firefighter
890,Ronna,Donoghue,Ronna.Donoghue@yopmail.com,Ronna.Donoghue@gmail.com,firefighter
891,Tressa,Keily,Tressa.Keily@yopmail.com,Tressa.Keily@gmail.com,police officer
892,Winifred,Sperling,Winifred.Sperling@yopmail.com,Winifred.Sperling@gmail.com,worker
893,Willetta,Dearborn,Willetta.Dearborn@yopmail.com,Willetta.Dearborn@gmail.com,doctor
894,Grier,Ogren,Grier.Ogren@yopmail.com,Grier.Ogren@gmail.com,worker
895,Ivett,Rebecka,Ivett.Rebecka@yopmail.com,Ivett.Rebecka@gmail.com,police officer
896,Rosabelle,Pacorro,Rosabelle.Pacorro@yopmail.com,Rosabelle.Pacorro@gmail.com,firefighter
897,Laurene,Masao,Laurene.Masao@yopmail.com,Laurene.Masao@gmail.com,worker
898,June,Brunell,June.Brunell@yopmail.com,June.Brunell@gmail.com,police officer
899,Jerry,Niles,Jerry.Niles@yopmail.com,Jerry.Niles@gmail.com,police officer
900,Anthia,Smitt,Anthia.Smitt@yopmail.com,Anthia.Smitt@gmail.com,firefighter
901,Mignon,Wallis,Mignon.Wallis@yopmail.com,Mignon.Wallis@gmail.com,police officer
902,Glynnis,Bow,Glynnis.Bow@yopmail.com,Glynnis.Bow@gmail.com,police officer
903,Carolina,Lewes,Carolina.Lewes@yopmail.com,Carolina.Lewes@gmail.com,developer
904,Regina,Chick,Regina.Chick@yopmail.com,Regina.Chick@gmail.com,developer
905,Tobe,Sigfrid,Tobe.Sigfrid@yopmail.com,Tobe.Sigfrid@gmail.com,worker
906,Aimil,Tamsky,Aimil.Tamsky@yopmail.com,Aimil.Tamsky@gmail.com,doctor
907,Agnese,Daveta,Agnese.Daveta@yopmail.com,Agnese.Daveta@gmail.com,doctor
908,Maud,Erb,Maud.Erb@yopmail.com,Maud.Erb@gmail.com,firefighter
909,Vonny,Keily,Vonny.Keily@yopmail.com,Vonny.Keily@gmail.com,police officer
910,Charissa,Liebermann,Charissa.Liebermann@yopmail.com,Charissa.Liebermann@gmail.com,doctor
911,Lusa,Gale,Lusa.Gale@yopmail.com,Lusa.Gale@gmail.com,developer
912,Angelique,Tannie,Angelique.Tannie@yopmail.com,Angelique.Tannie@gmail.com,developer
913,Gisela,Garek,Gisela.Garek@yopmail.com,Gisela.Garek@gmail.com,developer
914,Constance,Kylander,Constance.Kylander@yopmail.com,Constance.Kylander@gmail.com,developer
915,Florencia,Klotz,Florencia.Klotz@yopmail.com,Florencia.Klotz@gmail.com,police officer
916,Jorry,Xerxes,Jorry.Xerxes@yopmail.com,Jorry.Xerxes@gmail.com,doctor
917,Sara-Ann,Pelagias,Sara-Ann.Pelagias@yopmail.com,Sara-Ann.Pelagias@gmail.com,doctor
918,Hildegaard,Fennessy,Hildegaard.Fennessy@yopmail.com,Hildegaard.Fennessy@gmail.com,worker
919,Hope,Luhe,Hope.Luhe@yopmail.com,Hope.Luhe@gmail.com,firefighter
920,Ulrike,Darrell,Ulrike.Darrell@yopmail.com,Ulrike.Darrell@gmail.com,firefighter
921,Alyda,Phyllis,Alyda.Phyllis@yopmail.com,Alyda.Phyllis@gmail.com,worker
922,Riannon,Peg,Riannon.Peg@yopmail.com,Riannon.Peg@gmail.com,firefighter
923,Merry,Pillsbury,Merry.Pillsbury@yopmail.com,Merry.Pillsbury@gmail.com,firefighter
924,Daune,Hull,Daune.Hull@yopmail.com,Daune.Hull@gmail.com,firefighter
925,Karly,Mayeda,Karly.Mayeda@yopmail.com,Karly.Mayeda@gmail.com,developer
926,Ulrike,Andrel,Ulrike.Andrel@yopmail.com,Ulrike.Andrel@gmail.com,doctor
927,Charmaine,Jarib,Charmaine.Jarib@yopmail.com,Charmaine.Jarib@gmail.com,police officer
928,Bobbi,Radu,Bobbi.Radu@yopmail.com,Bobbi.Radu@gmail.com,police officer
929,Wileen,Bakerman,Wileen.Bakerman@yopmail.com,Wileen.Bakerman@gmail.com,police officer
930,Marjie,Dosia,Marjie.Dosia@yopmail.com,Marjie.Dosia@gmail.com,firefighter
931,Tracey,Dituri,Tracey.Dituri@yopmail.com,Tracey.Dituri@gmail.com,developer
932,Lily,Salvidor,Lily.Salvidor@yopmail.com,Lily.Salvidor@gmail.com,firefighter
933,Cordi,Colleen,Cordi.Colleen@yopmail.com,Cordi.Colleen@gmail.com,doctor
934,Nananne,Chauncey,Nananne.Chauncey@yopmail.com,Nananne.Chauncey@gmail.com,doctor
935,Wynne,Munn,Wynne.Munn@yopmail.com,Wynne.Munn@gmail.com,developer
936,Charlena,Gualtiero,Charlena.Gualtiero@yopmail.com,Charlena.Gualtiero@gmail.com,worker
937,Heddie,Himelman,Heddie.Himelman@yopmail.com,Heddie.Himelman@gmail.com,worker
938,Susan,Carleen,Susan.Carleen@yopmail.com,Susan.Carleen@gmail.com,worker
939,Dolli,Kronfeld,Dolli.Kronfeld@yopmail.com,Dolli.Kronfeld@gmail.com,firefighter
940,Corry,Kazimir,Corry.Kazimir@yopmail.com,Corry.Kazimir@gmail.com,worker
941,Maye,Zenas,Maye.Zenas@yopmail.com,Maye.Zenas@gmail.com,developer
942,Delilah,Ludewig,Delilah.Ludewig@yopmail.com,Delilah.Ludewig@gmail.com,firefighter
943,Gui,Wadell,Gui.Wadell@yopmail.com,Gui.Wadell@gmail.com,doctor
944,Vinita,Nicoline,Vinita.Nicoline@yopmail.com,Vinita.Nicoline@gmail.com,police officer
945,Minne,Jobi,Minne.Jobi@yopmail.com,Minne.Jobi@gmail.com,firefighter
946,Modestia,Virgin,Modestia.Virgin@yopmail.com,Modestia.Virgin@gmail.com,worker
947,Cristine,Reinke,Cristine.Reinke@yopmail.com,Cristine.Reinke@gmail.com,firefighter
948,Melanie,Goddard,Melanie.Goddard@yopmail.com,Melanie.Goddard@gmail.com,doctor
949,Petronia,Ardeha,Petronia.Ardeha@yopmail.com,Petronia.Ardeha@gmail.com,police officer
950,Sidoney,Hermes,Sidoney.Hermes@yopmail.com,Sidoney.Hermes@gmail.com,firefighter
951,Silvana,Juliet,Silvana.Juliet@yopmail.com,Silvana.Juliet@gmail.com,firefighter
952,Lolita,Lowry,Lolita.Lowry@yopmail.com,Lolita.Lowry@gmail.com,firefighter
953,Consuela,Thar,Consuela.Thar@yopmail.com,Consuela.Thar@gmail.com,worker
954,Jaclyn,Brittani,Jaclyn.Brittani@yopmail.com,Jaclyn.Brittani@gmail.com,firefighter
955,Queenie,Whiffen,Queenie.Whiffen@yopmail.com,Queenie.Whiffen@gmail.com,developer
956,Hannis,Curren,Hannis.Curren@yopmail.com,Hannis.Curren@gmail.com,developer
957,Pollyanna,Olin,Pollyanna.Olin@yopmail.com,Pollyanna.Olin@gmail.com,firefighter
958,Joane,Thema,Joane.Thema@yopmail.com,Joane.Thema@gmail.com,worker
959,Joeann,Bury,Joeann.Bury@yopmail.com,Joeann.Bury@gmail.com,developer
960,Minne,Thar,Minne.Thar@yopmail.com,Minne.Thar@gmail.com,worker
961,Elmira,Fancie,Elmira.Fancie@yopmail.com,Elmira.Fancie@gmail.com,doctor
962,Valeda,Blisse,Valeda.Blisse@yopmail.com,Valeda.Blisse@gmail.com,police officer
963,Genevra,Annice,Genevra.Annice@yopmail.com,Genevra.Annice@gmail.com,developer
964,Brianna,Martguerita,Brianna.Martguerita@yopmail.com,Brianna.Martguerita@gmail.com,worker
965,Charmaine,Ashok,Charmaine.Ashok@yopmail.com,Charmaine.Ashok@gmail.com,police officer
966,Laurene,Scammon,Laurene.Scammon@yopmail.com,Laurene.Scammon@gmail.com,developer
967,Lynnea,Elvyn,Lynnea.Elvyn@yopmail.com,Lynnea.Elvyn@gmail.com,worker
968,Gloria,Decato,Gloria.Decato@yopmail.com,Gloria.Decato@gmail.com,firefighter
969,Jobi,Erich,Jobi.Erich@yopmail.com,Jobi.Erich@gmail.com,doctor
970,Giustina,Jess,Giustina.Jess@yopmail.com,Giustina.Jess@gmail.com,developer
971,Nataline,Weitman,Nataline.Weitman@yopmail.com,Nataline.Weitman@gmail.com,worker
972,Demetris,Tice,Demetris.Tice@yopmail.com,Demetris.Tice@gmail.com,firefighter
973,Wynne,Slifka,Wynne.Slifka@yopmail.com,Wynne.Slifka@gmail.com,firefighter
974,Annaliese,Sprage,Annaliese.Sprage@yopmail.com,Annaliese.Sprage@gmail.com,police officer
975,Gisela,Sasnett,Gisela.Sasnett@yopmail.com,Gisela.Sasnett@gmail.com,firefighter
976,Sara-Ann,Sandye,Sara-Ann.Sandye@yopmail.com,Sara-Ann.Sandye@gmail.com,police officer
977,Monika,Santoro,Monika.Santoro@yopmail.com,Monika.Santoro@gmail.com,worker
978,Isa,Percy,Isa.Percy@yopmail.com,Isa.Percy@gmail.com,police officer
979,Ayn,Clywd,Ayn.Clywd@yopmail.com,Ayn.Clywd@gmail.com,worker
980,Tilly,Ackerley,Tilly.Ackerley@yopmail.com,Tilly.Ackerley@gmail.com,developer
981,Caressa,Muriel,Caressa.Muriel@yopmail.com,Caressa.Muriel@gmail.com,developer
982,Orsola,Natalia,Orsola.Natalia@yopmail.com,Orsola.Natalia@gmail.com,developer
983,Gilligan,Dorothy,Gilligan.Dorothy@yopmail.com,Gilligan.Dorothy@gmail.com,developer
984,Judy,Sigfrid,Judy.Sigfrid@yopmail.com,Judy.Sigfrid@gmail.com,developer
985,Cissiee,Fleeta,Cissiee.Fleeta@yopmail.com,Cissiee.Fleeta@gmail.com,police officer
986,Harmonia,Dichy,Harmonia.Dichy@yopmail.com,Harmonia.Dichy@gmail.com,developer
987,Bertine,Rubie,Bertine.Rubie@yopmail.com,Bertine.Rubie@gmail.com,firefighter
988,Melanie,Noman,Melanie.Noman@yopmail.com,Melanie.Noman@gmail.com,worker
989,Patricia,Si,Patricia.Si@yopmail.com,Patricia.Si@gmail.com,developer
990,Leona,Joli,Leona.Joli@yopmail.com,Leona.Joli@gmail.com,worker
991,Mamie,Hubert,Mamie.Hubert@yopmail.com,Mamie.Hubert@gmail.com,developer
992,Arabel,Cloris,Arabel.Cloris@yopmail.com,Arabel.Cloris@gmail.com,doctor
993,Isa,Rogerio,Isa.Rogerio@yopmail.com,Isa.Rogerio@gmail.com,developer
994,Dianemarie,Japeth,Dianemarie.Japeth@yopmail.com,Dianemarie.Japeth@gmail.com,police officer
995,Rani,Cadmar,Rani.Cadmar@yopmail.com,Rani.Cadmar@gmail.com,firefighter
996,Gianina,Weinreb,Gianina.Weinreb@yopmail.com,Gianina.Weinreb@gmail.com,police officer
997,Brietta,Chem,Brietta.Chem@yopmail.com,Brietta.Chem@gmail.com,doctor
998,Ashlee,Skell,Ashlee.Skell@yopmail.com,Ashlee.Skell@gmail.com,doctor
999,Addia,Ephrem,Addia.Ephrem@yopmail.com,Addia.Ephrem@gmail.com,firefighter
1000,Annecorinne,Ethban,Annecorinne.Ethban@yopmail.com,Annecorinne.Ethban@gmail.com,worker
1001,Jorry,Clara,Jorry.Clara@yopmail.com,Jorry.Clara@gmail.com,firefighter
1002,Lonnie,Larochelle,Lonnie.Larochelle@yopmail.com,Lonnie.Larochelle@gmail.com,doctor
1003,Lorne,Belanger,Lorne.Belanger@yopmail.com,Lorne.Belanger@gmail.com,firefighter
1004,Lily,Sparhawk,Lily.Sparhawk@yopmail.com,Lily.Sparhawk@gmail.com,worker
1005,Tabbatha,Gaal,Tabbatha.Gaal@yopmail.com,Tabbatha.Gaal@gmail.com,developer
1006,Winny,Chandler,Winny.Chandler@yopmail.com,Winny.Chandler@gmail.com,worker
1007,Catrina,Natica,Catrina.Natica@yopmail.com,Catrina.Natica@gmail.com,worker
1008,Constance,Sparhawk,Constance.Sparhawk@yopmail.com,Constance.Sparhawk@gmail.com,worker
1009,Tamqrah,Shanley,Tamqrah.Shanley@yopmail.com,Tamqrah.Shanley@gmail.com,police officer
1010,Roberta,Gherardo,Roberta.Gherardo@yopmail.com,Roberta.Gherardo@gmail.com,police officer
1011,Hyacinthe,Schlosser,Hyacinthe.Schlosser@yopmail.com,Hyacinthe.Schlosser@gmail.com,doctor
1012,Ada,Buffum,Ada.Buffum@yopmail.com,Ada.Buffum@gmail.com,doctor
1013,Coral,Roumell,Coral.Roumell@yopmail.com,Coral.Roumell@gmail.com,police officer
1014,Vere,Daveta,Vere.Daveta@yopmail.com,Vere.Daveta@gmail.com,doctor
1015,Elsie,Pernick,Elsie.Pernick@yopmail.com,Elsie.Pernick@gmail.com,police officer
1016,Christy,Iiette,Christy.Iiette@yopmail.com,Christy.Iiette@gmail.com,firefighter
1017,Maud,Pillsbury,Maud.Pillsbury@yopmail.com,Maud.Pillsbury@gmail.com,police officer
1018,Codie,Durware,Codie.Durware@yopmail.com,Codie.Durware@gmail.com,doctor
1019,Charissa,Harl,Charissa.Harl@yopmail.com,Charissa.Harl@gmail.com,worker
1020,Feliza,Thar,Feliza.Thar@yopmail.com,Feliza.Thar@gmail.com,firefighter
1021,Kellen,Teryn,Kellen.Teryn@yopmail.com,Kellen.Teryn@gmail.com,worker
1022,Merry,Dom,Merry.Dom@yopmail.com,Merry.Dom@gmail.com,doctor
1023,Chere,Rodmann,Chere.Rodmann@yopmail.com,Chere.Rodmann@gmail.com,doctor
1024,Morganica,Georas,Morganica.Georas@yopmail.com,Morganica.Georas@gmail.com,police officer
1025,Sandie,Rolf,Sandie.Rolf@yopmail.com,Sandie.Rolf@gmail.com,police officer
1026,Corly,Eno,Corly.Eno@yopmail.com,Corly.Eno@gmail.com,developer
1027,Cherrita,Jammal,Cherrita.Jammal@yopmail.com,Cherrita.Jammal@gmail.com,doctor
1028,Lorie,Podvin,Lorie.Podvin@yopmail.com,Lorie.Podvin@gmail.com,firefighter
1029,Sindee,Lorenz,Sindee.Lorenz@yopmail.com,Sindee.Lorenz@gmail.com,developer
1030,Kerrin,Dash,Kerrin.Dash@yopmail.com,Kerrin.Dash@gmail.com,doctor
1031,Clary,Craggie,Clary.Craggie@yopmail.com,Clary.Craggie@gmail.com,police officer
1032,Zia,Simmonds,Zia.Simmonds@yopmail.com,Zia.Simmonds@gmail.com,firefighter
1033,Tilly,Ardra,Tilly.Ardra@yopmail.com,Tilly.Ardra@gmail.com,police officer
1034,Trixi,Zeeba,Trixi.Zeeba@yopmail.com,Trixi.Zeeba@gmail.com,police officer
1035,Melodie,Pyle,Melodie.Pyle@yopmail.com,Melodie.Pyle@gmail.com,doctor
1036,Lusa,Marlie,Lusa.Marlie@yopmail.com,Lusa.Marlie@gmail.com,firefighter
1037,Catharine,Daveta,Catharine.Daveta@yopmail.com,Catharine.Daveta@gmail.com,police officer
1038,Felice,Lunsford,Felice.Lunsford@yopmail.com,Felice.Lunsford@gmail.com,firefighter
1039,Rosaline,Pearse,Rosaline.Pearse@yopmail.com,Rosaline.Pearse@gmail.com,firefighter
1040,Doro,Loleta,Doro.Loleta@yopmail.com,Doro.Loleta@gmail.com,doctor
1041,Dorice,Lanita,Dorice.Lanita@yopmail.com,Dorice.Lanita@gmail.com,doctor
1042,Gerrie,Hoenack,Gerrie.Hoenack@yopmail.com,Gerrie.Hoenack@gmail.com,firefighter
1043,Corly,Sancho,Corly.Sancho@yopmail.com,Corly.Sancho@gmail.com,developer
1044,Rhea,Berriman,Rhea.Berriman@yopmail.com,Rhea.Berriman@gmail.com,police officer
1045,Charlena,Durante,Charlena.Durante@yopmail.com,Charlena.Durante@gmail.com,doctor
1046,Caressa,O'Carroll,Caressa.O'Carroll@yopmail.com,Caressa.O'Carroll@gmail.com,firefighter
1047,Benita,Ranjiv,Benita.Ranjiv@yopmail.com,Benita.Ranjiv@gmail.com,worker
1048,Angelique,Sperling,Angelique.Sperling@yopmail.com,Angelique.Sperling@gmail.com,firefighter
1049,Flory,Wind,Flory.Wind@yopmail.com,Flory.Wind@gmail.com,firefighter
1050,Rochette,Quent,Rochette.Quent@yopmail.com,Rochette.Quent@gmail.com,police officer
1051,Danny,Rosemary,Danny.Rosemary@yopmail.com,Danny.Rosemary@gmail.com,developer
1052,Shell,Uird,Shell.Uird@yopmail.com,Shell.Uird@gmail.com,doctor
1053,Oralee,Kirbee,Oralee.Kirbee@yopmail.com,Oralee.Kirbee@gmail.com,worker
1054,Myriam,Othilia,Myriam.Othilia@yopmail.com,Myriam.Othilia@gmail.com,doctor
1055,Cathie,Mauer,Cathie.Mauer@yopmail.com,Cathie.Mauer@gmail.com,doctor
1056,Beatriz,Devlen,Beatriz.Devlen@yopmail.com,Beatriz.Devlen@gmail.com,police officer
1057,Maridel,Poppy,Maridel.Poppy@yopmail.com,Maridel.Poppy@gmail.com,doctor
1058,Danny,Kinnard,Danny.Kinnard@yopmail.com,Danny.Kinnard@gmail.com,doctor
1059,Livvyy,Fiann,Livvyy.Fiann@yopmail.com,Livvyy.Fiann@gmail.com,developer
1060,Alexine,Marsden,Alexine.Marsden@yopmail.com,Alexine.Marsden@gmail.com,doctor
1061,Adele,Pearse,Adele.Pearse@yopmail.com,Adele.Pearse@gmail.com,developer
1062,Kore,Rheingold,Kore.Rheingold@yopmail.com,Kore.Rheingold@gmail.com,worker
1063,Aubrie,Roxanna,Aubrie.Roxanna@yopmail.com,Aubrie.Roxanna@gmail.com,doctor
1064,Leona,Freddi,Leona.Freddi@yopmail.com,Leona.Freddi@gmail.com,worker
1065,Queenie,Kendrick,Queenie.Kendrick@yopmail.com,Queenie.Kendrick@gmail.com,worker
1066,Caressa,Johnsson,Caressa.Johnsson@yopmail.com,Caressa.Johnsson@gmail.com,worker
1067,Gwenneth,Vacuva,Gwenneth.Vacuva@yopmail.com,Gwenneth.Vacuva@gmail.com,developer
1068,Ottilie,Goode,Ottilie.Goode@yopmail.com,Ottilie.Goode@gmail.com,worker
1069,Dione,Tamar,Dione.Tamar@yopmail.com,Dione.Tamar@gmail.com,doctor
1070,Zaria,Ilka,Zaria.Ilka@yopmail.com,Zaria.Ilka@gmail.com,doctor
1071,Donetta,Imelida,Donetta.Imelida@yopmail.com,Donetta.Imelida@gmail.com,doctor
1072,Margette,Terrence,Margette.Terrence@yopmail.com,Margette.Terrence@gmail.com,developer
1073,Cecile,Amadas,Cecile.Amadas@yopmail.com,Cecile.Amadas@gmail.com,police officer
1074,Cherilyn,Hepsibah,Cherilyn.Hepsibah@yopmail.com,Cherilyn.Hepsibah@gmail.com,doctor
1075,Katuscha,Hachmin,Katuscha.Hachmin@yopmail.com,Katuscha.Hachmin@gmail.com,firefighter
1076,Arlena,Erlandson,Arlena.Erlandson@yopmail.com,Arlena.Erlandson@gmail.com,police officer
1077,Jorry,Audly,Jorry.Audly@yopmail.com,Jorry.Audly@gmail.com,police officer
1078,Catrina,Mallon,Catrina.Mallon@yopmail.com,Catrina.Mallon@gmail.com,firefighter
1079,Adriana,Gombach,Adriana.Gombach@yopmail.com,Adriana.Gombach@gmail.com,worker
1080,Alyssa,Alejoa,Alyssa.Alejoa@yopmail.com,Alyssa.Alejoa@gmail.com,worker
1081,Genovera,Stuart,Genovera.Stuart@yopmail.com,Genovera.Stuart@gmail.com,doctor
1082,Lonnie,Hieronymus,Lonnie.Hieronymus@yopmail.com,Lonnie.Hieronymus@gmail.com,police officer
1083,Winny,Merell,Winny.Merell@yopmail.com,Winny.Merell@gmail.com,firefighter
1084,Audrie,Garek,Audrie.Garek@yopmail.com,Audrie.Garek@gmail.com,doctor
1085,Cathyleen,Leler,Cathyleen.Leler@yopmail.com,Cathyleen.Leler@gmail.com,firefighter
1086,Ricky,Koziara,Ricky.Koziara@yopmail.com,Ricky.Koziara@gmail.com,worker
1087,Halette,Romelda,Halette.Romelda@yopmail.com,Halette.Romelda@gmail.com,police officer
1088,Amalie,Redmond,Amalie.Redmond@yopmail.com,Amalie.Redmond@gmail.com,doctor
1089,Janey,Hoban,Janey.Hoban@yopmail.com,Janey.Hoban@gmail.com,firefighter
1090,Joeann,Yoko,Joeann.Yoko@yopmail.com,Joeann.Yoko@gmail.com,developer
1091,Allyce,Hebner,Allyce.Hebner@yopmail.com,Allyce.Hebner@gmail.com,developer
1092,Rhoda,Lesley,Rhoda.Lesley@yopmail.com,Rhoda.Lesley@gmail.com,worker
1093,Deirdre,Anis,Deirdre.Anis@yopmail.com,Deirdre.Anis@gmail.com,developer
1094,Dari,Truc,Dari.Truc@yopmail.com,Dari.Truc@gmail.com,developer
1095,Sindee,Plato,Sindee.Plato@yopmail.com,Sindee.Plato@gmail.com,developer
1096,Perry,Noman,Perry.Noman@yopmail.com,Perry.Noman@gmail.com,worker
1097,Gretal,Bettine,Gretal.Bettine@yopmail.com,Gretal.Bettine@gmail.com,doctor
1098,Fanchon,MacIntosh,Fanchon.MacIntosh@yopmail.com,Fanchon.MacIntosh@gmail.com,firefighter
1099,Juliane,Ciro,Juliane.Ciro@yopmail.com,Juliane.Ciro@gmail.com,worker